index,target,tags,relevant_tags,irrelevant_tags
0,0,house | car | street sign | grass | tree | power lines,car,house | street sign | grass | tree | power lines
1,0,car | convertible | white | road | driveway | house | garage | fire hydrant | red | stone | path | sidewalk | leaves | grass | trees | shrubs | bushes,car | convertible | white | red,road | driveway | house | garage | fire hydrant | stone | path | sidewalk | leaves | grass | trees | shrubs | bushes
2,0,house | garage | red sports car | stop sign | traffic light | palm tree,red sports car,house | garage | stop sign | traffic light | palm tree
3,0,white car | white,white car | white,
4,0,stop sign | car | house | brick | stop,car,stop sign | house | brick | stop
5,0,bmw | car | gray | house | yellow | stop sign | street | driveway | grass | tree | sky | clouds | sunny | daytime | outdoor | residential | urban | natural | home | street sign | traffic light,bmw | car | gray | yellow,house | stop sign | street | driveway | grass | tree | sky | clouds | sunny | daytime | outdoor | residential | urban | natural | home | street sign | traffic light
6,0,house | car | garage | driveway | grass | sidewalk | brick house | blue car | beetle | license plate | tag | front door | garage door | parking meter | parking meter box | parking meter slot | parking meter coin slot | parking meter coin slot cover,car | blue car | beetle | license plate,house | garage | driveway | grass | sidewalk | brick house | tag | garage door | parking meter
7,0,stop sign | blue car | stop,blue car,stop sign | stop
8,0,car | fire hydrant | house | palm tree | garage | door | window | fire hyd,car | door | window,fire hydrant | house | palm tree | garage
9,0,car | silver | parked | garage | house | brick | two-story | white | windows | glass | garage door | open | car parked in garage | car parked in driveway | car parked in front of house | car parked in front of garage | car parked in front of building | car parked in,car | silver | parked | white | windows | glass,garage | house | brick | garage door | open
10,0,car | white | sedan | parked | on street | in front of store | on sidewalk | in front of fire hydrant | in front of building | on street corner | in front of business | in front,car | white | sedan | parked,on street | in front of building
11,0,gas station | car | fire hydrant | 211 | 239 | 2,car,gas station | fire hydrant
12,0,stop sign | car | garage | shed | stop sign pole | stop sign post | stop sign base | stop sign sign | stop sign signboard | stop sign signboard post | stop sign signboard base | stop sign signboard pole,car,stop sign | garage | stop sign pole | stop sign post | stop sign sign | stop sign signboard
13,0,car | black | convertible | parked | driveway | house | tree | green | blue | yellow | pedestrian | white | red,car | black | convertible | parked | green | blue | yellow | white | red,driveway | house | tree | pedestrian
14,0,stop sign | white car | brick building | stone wall | grass | stop sign pole | brick house | stone house | white car parked | stop sign on pole | brick house with windows | white car parked in front of brick house | stop sign on pole in front of brick house | stop sign on pole in front of,white car,stop sign | brick building | stone wall | grass | stop sign pole | brick house | stop sign on pole
15,0,car | traffic light | city | water | sky | tree | building | red,car | red,traffic light | city | water | sky | tree | building
16,0,stop sign | car | blue car | stop sign on pole | stop sign on pole in front of car | stop sign on pole in front of blue car | stop sign on pole in front of blue car in front of building | stop sign on pole in front of blue car in front of building at night | stop sign on pole in front of blue car in front of building at night in city | stop sign on pole in front of blue car in front of building at night in city at night | stop sign on pole in front of blue car in front of building at night in city at night with tall buildings | stop sign on pole in front of blue car in front of building at night in city at night with tall buildings at night | stop sign on pole in front of blue car in front of building at night in city at night with tall buildings at night with tall buildings,car | blue car,stop sign | stop sign on pole
17,0,stop sign | white car | audi | stop climate change | stop sign with car | stop sign with car and stop climate change | stop sign with car and stop climate change on it | stop sign with car and stop climate change on it in the background | stop sign with car and stop climate change on it in the background with a stop sign in the foreground | stop sign with car and stop climate change on it in the background with a stop sign in the foreground and a stop sign in the background | stop sign with car and stop climate change on,white car,stop sign | audi
18,0,car | white | volvo | suv | parked | brick wall | street light | green | traffic light | stop | red | yellow | brick | wall | snow | sidewalk | tree | house | window,car | white | suv | parked | green | red | yellow | window,volvo | brick wall | street light | traffic light | stop | brick | wall | snow | sidewalk | tree | house
19,0,house | car | trash can | driveway | sidewalk | grass | trees | brick | stone | concrete | gravel | dirt | cement | asphalt | drive,car,house | trash can | driveway | sidewalk | grass | trees | brick | stone | concrete | gravel | dirt | cement | asphalt | drive
20,0,brick | fire hydrant | car | red | bmw | house | door | window | bush,car | red | bmw | door | window,brick | fire hydrant | house | bush
21,0,house | car | garage | brick | window | door | driveway | street | sky | clouds | drive,car | window | door,house | garage | brick | driveway | street | sky | clouds | drive
22,0,house | car | pizza | sign,car,house | sign
23,0,city | street | traffic light | orange car | building | skyscraper | mets life | sign | street sign | directional sign | tree | leaves | traffic sign,,city | street | traffic light | building | skyscraper | sign | street sign | tree | leaves | traffic sign
24,0,bmw | convertible | house | garage | mailbox | driveway | grass | sidewalk | street | home | garage door | car | license plate,bmw | convertible | car | license plate,house | garage | mailbox | driveway | grass | sidewalk | street | home | garage door
25,0,toyota | corolla | compact car | silver | parked | on road | in woods | nighttime | black and white photo | blue arrow sign | pointing right | road sign | directional | pointing to the right | blue arrow | on a sign | pointing to,toyota | silver | parked,on road | in woods | nighttime | black and white photo | road sign
26,0,toy car | blue | toy | sports car | convertible | toy sports car | toy convertible | to,toy car | blue | toy | sports car | convertible,
27,0,stop sign | white car | house | tree | grass | fence | stop sign pole,white car,stop sign | house | tree | grass | fence | stop sign pole
28,0,car | tesla | electric | white | parked | street | lamp | street light | black | green | neon | light | street corner | building | door | window | brick | stone | archway | alley | path | road | sidewalk | lamp post | street lamp | light pole,car | white | parked | black | green | door | window,street | lamp | street light | light | building | brick | stone | archway | alley | path | road | sidewalk | lamp post
29,0,stop sign | car | house | mountain | red | white | black | silver | mini cooper | stop sign with pedestrian | stop sign with pedestrian and car | stop sign with pedestrian and car on top of house | stop sign with pedestrian and car on top of house with mountain in background | stop sign with pedestrian and car on top of house with mountain in background and red roof | stop sign with pedestrian and car on top of house with mountain in background and red roof and silver car | stop sign with pedestrian and car on top of house with mountain in background and red roof and silver car and red roof,car | red | white | black | silver | mini cooper,stop sign | house | mountain
30,0,house | car | stairs | balcony | window | door | tree | grass | brick | concrete | red | white | black | silver | gold | gray | brown,car | window | door | red | white | black | silver | gold | gray | brown,house | stairs | balcony | tree | grass | brick | concrete
31,0,garage | car | house | door | flag | pole | palm tree | hat,car | door,garage | house | pole | palm tree | hat
32,0,car | black | sedan | audi | license plate | 4l838 | parked | dirt road | forest | trees | green | grass | yellow | traffic light | red | stop sign,car | black | sedan | license plate | parked | green | yellow | red,audi | dirt road | forest | trees | grass | traffic light | stop sign
33,0,car | blue | sedan | parked | street | alley | brick | building | red | sign | traffic light | green | street light | black | alleyway | wall | traffic,car | blue | sedan | parked | red | green | black,street | alley | brick | building | sign | traffic light | street light | wall | traffic
34,0,car | cielo 2 | racing car | sports car | convertible | brick wall | building | alley | street | outdoor | urban | nighttime | black and white | vintage | logo | text,car | sports car | convertible | black and white | logo,brick wall | building | alley | street | outdoor | urban | nighttime | text
35,0,car | white | sedan | parked | driveway | house | tree | leaves | pine | red | orange | yellow | green | brown | autumn | season | fire hydrant | silver | metal | outdoor | residential | neighborhood,car | white | sedan | parked | red | orange | yellow | green | brown | silver | metal,driveway | house | tree | leaves | pine | autumn | season | fire hydrant | outdoor | residential | neighborhood
36,0,car | red | hatchback | parked | brick wall | white | street | alley | sidewalk | concrete | outdoor | urban | red car,car | red | hatchback | parked | white | red car,brick wall | street | alley | sidewalk | concrete | outdoor | urban
37,0,silver car | stop sign | road | snow | trees | fence | brick | stop | red | black | white | silver | car,silver car | red | black | white | silver | car,stop sign | road | snow | trees | fence | brick | stop
38,0,house | garage | car | red | convertible | white | windows | door | bush | grass | tree | leaves | sky | sunny | day | outdoor | residential | neighborhood | driveway | stairs | steps,car | red | convertible | white | windows | door,house | garage | bush | grass | tree | leaves | sky | sunny | day | outdoor | residential | neighborhood | driveway | stairs | steps
39,0,car | silver | suzuki | compact | snowy | road | street | traffic light | green | white | black | red | yellow | snow | trees | woods | forest | winter | cold | icy | snowy road | snowy street | snowy trees | snowy woods | snowy forest | winter road | winter street | winter trees | winter woods | winter forest | cold road | cold street | cold trees | cold woods | cold forest | icy road | icy street | icy trees | icy woods | icy forest | snowy car | silver car | suzuki car | compact car | snowy traffic light | green traffic light | white traffic light | black traffic light | red traffic light | yellow traffic light | snowy street light | snowy traffic light pole | snowy traffic light sign | snowy traffic light post | snowy traffic light box | snowy traffic light wires | snowy traffic light cables | snowy traffic,car | silver | compact | green | white | black | red | yellow | silver car,snowy | road | street | traffic light | snow | trees | woods | forest | winter | cold | icy | snowy road | snowy trees
40,0,dead end | car | house | brick | stone | driveway | street sign | yellow | black | bentley | dead end sign | road,car | yellow | black | bentley,house | brick | stone | driveway | street sign | road
41,0,car | orange | suv | volvo | garage | red door | white trim | red door frame | white door frame | white door | red,car | orange | suv | red,volvo | garage
42,0,audi | car | garage | house | palm tree | fire hydrant | grass | bush | driveway | brick | sidewalk | street | outdoor | residential | tropical | daytime,car,audi | garage | house | palm tree | fire hydrant | grass | bush | driveway | brick | sidewalk | street | outdoor | residential | daytime
43,0,car | suv | road | street | banana trees | palm trees | yellow traffic light | green leaves | bananas | palm fronds | road sign | yellow and black sign | green and yellow sign | banana bunch | palm tree trunk | banana tree trunk | banana tree,car | suv,road | street | palm trees | green leaves | road sign
44,0,stop sign | car | garage | red | white | blue | gray,car | red | white | blue | gray,stop sign | garage
45,0,car | silver | convertible | parked | garage | house | yellow | white | gray | bmw | license plate | 2014 | snow | driveway | street | residential | suburban | winter | daytime | sunny | outdoor | urban | home | garage door | house exterior | street light | lamp post | traffic light | pole | fence | gate | bush | tree,car | silver | convertible | parked | yellow | white | gray | bmw | license plate | 2014,garage | house | snow | driveway | street | residential | winter | daytime | sunny | outdoor | urban | home | garage door | house exterior | street light | lamp post | traffic light | pole | fence | gate | bush | tree
46,0,car | house | garage | door | window | brick | roof | tree | grass | flowers | bushes | potted plant | fence | driveway | garage door | house door | drive,car | door | window | roof,house | garage | brick | tree | grass | flowers | bushes | potted plant | fence | driveway | garage door | drive
47,0,stop sign | red | white | black | metal | outdoor | urban | residential | house | garage | door | car | mini cooper | gray | tire | wheel | grass,red | white | black | metal | door | car | mini cooper | gray | tire | wheel,stop sign | outdoor | urban | residential | house | garage | grass
48,0,gas pump | car | toy car | gas station | digital display | price | 135.95 | 35.95 | 55.95 | 75.95 | 95.95,car | toy car,gas pump | gas station
49,0,stop sign | car | red | electric | city | tall building | lights | night | skyline | traffic light | street light | building | apartment | window | balcony | sky | sunset | cityscape | urban | nighttime | lit up | tall buildings | city lights | skyline view | cityscape at night | lit up city | tall buildings at night | city lights at night | skyline at night | cityscape at sunset | tall buildings at sunset | city lights at sunset | skyline at sunset | lit up city at sunset | city lights at,car | red | window,stop sign | city | tall building | night | skyline | traffic light | street light | building | balcony | sky | sunset | cityscape | urban | nighttime | tall buildings
50,0,gas station | stop sign | car | red | convertible | bmw | gas pump | pump | red stop sign | white letters | black background | red car | convertible car | bmw car | bm,car | red | convertible | bmw | red car,gas station | stop sign | gas pump | pump | red stop sign | white letters
51,0,car | honda | sedan | black | silver | private property | no trespassing | crossing | railroad | sign | gate | brick | fence | building | house | street | road | sky | clouds | trees | leaves | grass | graffiti | tag,car | honda | sedan | black | silver,sign | gate | brick | fence | building | house | street | road | sky | clouds | trees | leaves | grass | graffiti | tag
52,0,stop sign | car | building | brick,car,stop sign | building | brick
53,0,car | black | compact | parked | on street | in front of house | with red and blue sign | and pink flowers in front of house,car | black | compact | parked,on street
54,0,car | blue | compact | hatchback | parked | outside | house | brick | building | red | stop sign | traffic light | green | yellow | white | black | metal | concrete | dirt | grass | trees,car | blue | compact | hatchback | parked | red | green | yellow | white | black | metal,outside | house | brick | building | stop sign | traffic light | concrete | dirt | grass | trees
55,0,car | white | sedan | parked | garage | house | brick | window | glass | door | garage door | tree | green | leaves | fire hydrant | black | silver | metal | pole | street | driveway | sidewalk | patio | outdoor | residential | urban | natural | daytime | sunny | clear | no people | no animals | no visible text | no visible logos | no visible signs | no visible numbers | no visible reflections | no visible shadows,car | white | sedan | parked | window | glass | door | green | black | silver | metal,garage | house | brick | garage door | tree | leaves | fire hydrant | pole | street | driveway | sidewalk | patio | outdoor | residential | urban | natural | daytime | sunny | clear | no people | no animals | no visible text | no visible logos | no visible signs | no visible numbers | no visible reflections | no visible shadows
56,0,car | silver | parked | driveway | house | door | white | garage | gate | fence | bushes | trees | shrubs | flowers | potted plants,car | silver | parked | door | white,driveway | house | garage | gate | fence | bushes | trees | shrubs | flowers | potted plants
57,0,car | black | compact | driving | street | brick | stone | building | window | lamp | glass | pane,car | black | compact | driving | window | glass,street | brick | stone | building | lamp
58,0,car | gray | compact | parked | fence | wooden | house | white | two-story | garage | attached | driveway | paved | street | sidewalk | grass | green,car | gray | compact | parked | white | green,fence | wooden | house | garage | driveway | paved | street | sidewalk | grass
59,0,stop sign | car | brick road | building | street,car,stop sign | brick road | building | street
60,0,house | car | tree | grass | sky | street sign,car,house | tree | grass | sky | street sign
61,0,house | garage | car | blue car | bentley | tree | traffic light | hand | stop sign | green light | red light | yellow light | garage door | window | door,car | blue car | bentley | window | door,house | garage | tree | traffic light | stop sign | green light | red light | yellow light | garage door
62,0,car | building | sky | water tower | fire hydrant | person | tree,car,building | sky | fire hydrant | person | tree
63,0,car | black | bmw | 5 series | parked | driveway | house | mountain | background | trees | flowers | purple | pink | red | yellow | green | blue | white | red and white sign | pedestrian | walking | crosswalk | white line | red circle | black arrow | white arrow | black and white sign | white text,car | black | bmw | parked | pink | red | yellow | green | blue | white,driveway | house | mountain | background | trees | flowers | purple | pedestrian | walking | white line
64,0,car | blue | sedan | parked | stone wall | brick | stone | concrete | outdoor | natural | daytime | traffic light | red | black | white | metal,car | blue | sedan | parked | red | black | white | metal,stone wall | brick | stone | concrete | outdoor | natural | daytime | traffic light
65,0,house | garage | car | silver | sports car | convertible | lake | trees | green | grass | driveway | walkway | patio | deck | roof | shingles,car | silver | sports car | convertible | green | roof,house | garage | lake | trees | grass | driveway | patio | deck
66,0,city | skyscraper | car | blue | license plate | 2013 | tall building | tower | clock | statue | green | building | tree | boat | river | bridge | water | cityscape | urban | modern | architecture | tall | glass | steel | concrete | city life | transportation | automobile,car | blue | license plate | green | glass | automobile,city | skyscraper | tall building | tower | statue | building | tree | river | bridge | water | cityscape | urban | modern | tall | concrete | transportation
67,0,house | car | parking meter | bush | tree | street | brick house | blue car | audi | window | door | sidewalk | driveway | grass | gravel | rocks | potted plant | flowers | bushes | trees | street sign | trash can | garbage,car | blue car | window | door,house | parking meter | bush | tree | street | brick house | audi | sidewalk | driveway | grass | gravel | rocks | potted plant | flowers | bushes | trees | street sign | trash can
68,0,stop sign | red car | stop sign pole | stop sign post | stop sign on pole | stop sign on post | stop sign on building | stop sign on wall | stop sign on side of building | stop sign on side of wall | stop sign on side of street | stop sign on side of road | stop sign on side of street sign | stop sign on side of road sign | stop sign on side of street sign pole | stop sign on side of road sign post,red car,stop sign | stop sign pole | stop sign post | stop sign on pole
69,0,brick driveway | white car | black tire,white car | black tire,
70,0,house | garage | car | red | sedan | audi | a4 | front | wheel | back | side | view | driveway | grass | tree | brick | siding | roof | garage door | window | door,car | red | sedan | front | wheel | roof | window | door,house | garage | audi | driveway | grass | tree | brick | garage door
71,0,mercedes | white | car | license plate | red | tag | driving | down | alley | street | sidewalk | brick | building | window | green | sign | asian | writing | doorway | tunnel | entrance | exit | driveway | parking | spot | street sign | parked | on | side | of | road | park,mercedes | white | car | license plate | red | driving | window | green | parked,tag | alley | street | sidewalk | brick | building | sign | doorway | driveway | parking | street sign | road | park
72,0,stop sign | red car | building | adidas | store | window | stop,red car | window,stop sign | building | stop
73,0,car | black | sedan | parked | garage | house | brick | door | garage door | open | car jumping | car flying | car in air | car on roof | car on top of house | car on top of garage | car on top of door | car on top of brick door | car on top of garage door | car on top of roof | car on top of,car | black | sedan | parked | door,garage | house | brick | garage door | open
74,0,stop sign | car | gas station | red stop sign | black car | stop sign on pole | gas station sign | red and white sign,car | black car,stop sign | gas station | red stop sign | stop sign on pole
75,0,car | orange | sports car | convertible | jaguar | gas station | pump | building | white | cloudy | sky | trees | pine trees | cloudy sky | gas pump,car | orange | sports car | convertible | white,gas station | pump | building | cloudy | sky | trees | pine trees | cloudy sky | gas pump
76,0,house | car | fire hydrant | window | door | brick | tree | grass | fire hyd,car | window | door,house | fire hydrant | brick | tree | grass
77,0,car | building | fire hydrant | street light | pole | window | door | red brick building | gray car | purple car | white car | black car | red car | blue car | silver car | gold car | white building | gray building | red building | purple building | blue building,car | window | door | white car | black car | red car | blue car | silver car,building | fire hydrant | street light | pole
78,0,car | red | sports car | ferrari | garage | staircase | stairs | doorway | hallway | living room | ceiling fan | light fixture | chandelier | wall | fireplace | mantel,car | red | sports car | ferrari,garage | staircase | stairs | doorway | wall
79,0,house | car | blue | sedan | audi | garage | window | door | tree | green | sign | experience | street | driveway | sidewalk | grass | bush | leaves | sky | sunny | daytime | residential | neighborhood | urban | outdoor | environment | time period | modern | contemporary | architectural style | design | aesthetic | visual appeal | detail | texture | color | contrast | lighting | shadows | reflections | perspective | composition | artistic | creative | photography | lens | camera | focus | depth | dimension | scale | proportion | balance | harmony | visual impact | aesthetic value | artistic expression | visual storytelling | emotional response | personal interpretation | cultural context | social commentary | historical context | artistic vision | artistic intention | artistic style | artistic form | artistic content | artistic meaning | artistic significance | artistic value | artistic impact | artistic appreciation | artistic perception | artistic creation | artistic inspiration | artistic process | artistic medium | artistic technique | artistic skill | artistic talent | artistic passion,car | blue | sedan | window | door | green,house | audi | garage | tree | sign | street | driveway | sidewalk | grass | bush | leaves | sky | sunny | daytime | residential | neighborhood | urban | outdoor | environment | time period | modern | contrast | lighting | shadows | reflections | perspective | composition | artistic | creative | camera | focus | depth
80,0,car | fire hydrant | building | tree | fire hyd,car,fire hydrant | building | tree
81,0,car | house | garage | driveway | grass | sky | clouds | fence | fire hydrant | water pipe,car,house | garage | driveway | grass | sky | clouds | fence | fire hydrant
82,0,house | car | garage | driveway | grass | potted plant | dog | cat,car,house | garage | driveway | grass | potted plant | dog | cat
83,0,car | black | sedan | parked | garage | house | driveway | front | door | gate | fence | stairs | balcony | deck | exterior | residential | neighborhood,car | black | sedan | parked | front | door,garage | house | driveway | gate | fence | stairs | balcony | deck | residential | neighborhood
84,0,car | silver | sedan | parked | brick building | alley | street sign | parking | license plate | driver | passenger | side mirror | rear view mirror | headlights | taillights,car | silver | sedan | parked | license plate | passenger | headlights,brick building | alley | street sign | parking
85,0,house | car | garage | door | window | bush | grass | sidewalk | driveway | street,car | door | window,house | garage | bush | grass | sidewalk | driveway | street
86,0,house | car | palm tree | sign | grass | driveway | garage | door | window,car | door | window,house | palm tree | sign | grass | driveway | garage
87,0,house | garage | car | red car | racing car | red racing car | white garage door | red racing car in air | white garage door with black trim,car | red car,house | garage
88,0,car | mini cooper | blue license plate | red rim | black tire | brick wall | window | door | street light | traffic light | red hand | stop sign | brick | stone | alley | narrow | tight | confined | urban | city | street | road | pavement | cobblestone | concrete,car | mini cooper | black tire | window | door | narrow,brick wall | street light | traffic light | stop sign | brick | stone | alley | urban | city | street | road | pavement | cobblestone | concrete
89,0,car | red | volvo | parked | patio | outdoor | wooden | shade | umbrella | palm tree | potted plant | flowers | red chair | black chair | white pillar | red pillow | blue chair | red couch | black couch | red pill,car | red | parked,volvo | patio | outdoor | wooden | shade | umbrella | palm tree | potted plant | flowers
90,0,house | garage | car | white | convertible | mini cooper | tree | leaves | sky | blue,car | white | convertible | mini cooper | blue,house | garage | tree | leaves | sky
91,0,open | red | car | license plate | 13236 | gas station | pump | flowers | pink | white | green | yellow | dog | cat | traffic light | store | sign | numbers,red | car | license plate | pink | white | green | yellow | numbers,open | gas station | pump | flowers | dog | cat | traffic light | sign
92,0,car | red | parked | on street | in front of building | with license plate | in front of parking meter | in alley | at night | with light shining on it | and with license plate visible,car | red | parked,on street | in front of building
93,0,car | house | street sign | grass | sky | clouds | building | window | door,car | window | door,house | street sign | grass | sky | clouds | building
94,0,house | car | garage | palm tree | deck | stairs | fence | grass | sand | road | driveway | garage door | white car | silver car | sports car | convertible | luxury car | maserati | ferrari | bentley | lamborghini | porsche | bmw | mercedes | audi | volkswagen | volvo | toyota | honda | hyundai | kia | nissan | ford | chevrolet | dodge | chrysler | jeep | ram | truck | suv | motorcycle | bicycle | surfboard | skateboard | tennis racket | golf clubs | soccer ball | basketball | baseball | football | frisbee | tennis ball | volleyball | beach ball | scooter | snowboard | ski | snowshoe | cross-country skis | skis | snowshoes,car | white car | silver car | sports car | convertible | luxury car | ferrari | bentley | lamborghini | bmw | mercedes | volkswagen | toyota | honda | ford | chevrolet | dodge | jeep | ram | truck | suv,house | garage | palm tree | deck | stairs | fence | grass | sand | road | driveway | garage door | audi | volvo | bicycle
95,0,red car | yellow sign | black pole | white building | potted plant,red car,yellow sign | potted plant
96,0,car | fire hydrant | street light | building | brick road | sidewalk | night | urban | outdoor | 2010s,car,fire hydrant | street light | building | brick road | sidewalk | night | urban | outdoor
97,0,car | red | honda | sedan | street | sidewalk | yellow | wall | building | sign | asian | language | korean | chinese | 2010 | license plate | 20,car | red | honda | sedan | yellow | 2010 | license plate,street | sidewalk | wall | building | sign
98,0,car | garage | house | traffic light | stop sign | white | black | red | yellow | silver | bentley | luxury | sports car | convertible | brick house | red brick | white garage door | black door | white car | silver car | bentley car | convertible car | garage door | red brick house,car | white | black | red | yellow | silver | bentley | luxury | sports car | convertible | white car | silver car,garage | house | traffic light | stop sign | brick house | garage door
99,0,car | black | sedan | parked | house | white | two-story | stairs | red | door | window | potted plant | green | bush | tree | palm,car | black | sedan | parked | white | red | door | window | green,house | stairs | potted plant | bush | tree
100,0,car | blue | muscle | dodge | charger | striped | parked | driveway | house | brick | pine tree | green | bush | red | white | and blue | flag | lawn | grass | leaves | tree,car | blue | dodge | charger | parked | green | red | white,driveway | house | brick | pine tree | bush | grass | leaves | tree
101,0,red car | red car on sidewalk | red car on street | red car on road | red car on pavement | red car on cobblestone | red car on brick road | red car on stone road | red car on stone sidewalk | red car on stone street | red car on stone pavement | red car on stone,red car,
102,0,car | white | tesla | electric | sedan | toy | fire hydrant | red | yellow | green | brick | wall | alley | street | urban | night | dark | shadows | light | reflection,car | white | sedan | toy | red | yellow | green,fire hydrant | brick | wall | alley | street | urban | night | dark | shadows | light | reflection
103,0,beetle | volkswagen | pink | small | car | parked | driveway | house | white | garage | door | green | window,beetle | volkswagen | pink | small | car | parked | white | door | green | window,driveway | house | garage
104,0,stop sign | white car | stop sign pole | stop sign pole with sign | stop sign pole with sign and pole | stop sign pole with sign and pole and pole | stop sign pole with sign and pole and pole and pole | stop sign pole with sign and pole and pole and pole and pole | stop sign pole with sign and pole and pole and pole and pole and pole | stop sign pole with sign and pole and pole and pole and pole and pole and pole | stop sign pole with sign and pole and pole and pole and pole and pole and pole and pole | stop sign pole with sign and pole and pole and pole and pole and pole and pole and pole and pole | stop sign pole with sign and pole and pole and pole and pole and pole and pole and pole and pole and pole | stop sign pole with sign and pole and pole and pole and pole and pole and pole and pole and pole and pole and pole | stop sign pole with sign and pole and pole and pole and pole and pole and pole and pole and pole and pole and pole and pole | stop sign pole with sign and pole and pole and pole and pole and pole and pole and pole and pole and pole and pole and pole and pole | stop sign pole with sign and pole and pole and pole and,white car,stop sign | stop sign pole
105,0,car | graffiti | brick wall | yellow paint | black car | silver hubcap | black tire | black car door | black car hood | black car trunk | black car roof | black car window | black car mirror | black car headlight | black car taillight | black car license plate | black car bumper | black car grill,car | black car | black tire,graffiti | brick wall
106,0,stop sign | white car | convertible | house | grass | stop sign pole | stop sign post | stop sign sign | stop sign sign post | stop sign sign pole | stop,white car | convertible,stop sign | house | grass | stop sign pole | stop sign post | stop sign sign | stop
107,0,car | white | sedan | parked | driveway | house | garage | door | open | traffic light | red | stop | sign | green,car | white | sedan | parked | door | red | green,driveway | house | garage | open | traffic light | stop | sign
108,0,gas station | self serve | shell | gasoline | 4.39 | 4.59 | 4.79 | 4.99 | 5.29 | 5.59 | 5.89 | 6.19 | 6.49 | 6.79 | 6.99 | 7.29 | 7.59 | 7.89 | 8.19 | 8.49 | 8.79 | 8.99 | 9.29 | 9.59 | 9.89 | 10.19 | 10.49 | 10.79 | 10.99 | 11.29 | 11.59 | 11.89 | 12.19 | 12.49 | 12.79 | 12.99 | 13.29 | 13.59 | 13.89 | 14.19 | 14.49 | 14.79,,gas station
109,0,car | house | street sign | door | window | brick | glass | wood | metal | concrete | grass | trees | bushes | flowers | birds | seagulls | roses | golden retrievers | dogs | houses | streets | signs | numbers | text | logos | symbols | brands | shadows | reflections,car | door | window | glass | metal | numbers | logos | symbols | brands,house | street sign | brick | wood | concrete | grass | trees | bushes | flowers | birds | signs | text | shadows | reflections
110,0,house | garage | car | white | sports car | convertible | driveway | grass | tree | fire hydrant | yellow | blue | red | green | black | silver,car | white | sports car | convertible | yellow | blue | red | green | black | silver,house | garage | driveway | grass | tree | fire hydrant
111,0,car | white | fiat | mancunian way | road | grass | sky | clouds | blue | red | green | black,car | white | blue | red | green | black,road | grass | sky | clouds
112,0,car | mini cooper | white | black | red | license plate | 4x4 | small | compact | vintage | classic | street | alley | cobblestone | stone | brick | concrete | stairs | steps | stone stairs | stone walkway | narrow | tight | urban | city | street scene | outdoor | daytime | sunny | bright | clear | white light | shadows | reflections | textured | detailed | close-up | perspective | depth | composition | framing | focus | depth of field | aperture | shutter speed | iso | color balance | contrast | saturation | hue | tone | brightness | sharpness,car | mini cooper | white | black | red | license plate | 4x4 | small | compact | narrow,street | alley | cobblestone | stone | brick | concrete | stairs | steps | urban | city | outdoor | daytime | sunny | bright | clear | shadows | reflections | perspective | depth | composition | focus | contrast
113,0,car | black | sedan | parked | driveway | house | garage | gate | sign | time | 1:30 pm | 7:30 pm | monday | saturday | 12:00 pm - 1:00 pm | 7:00 pm - 8:00 pm | 1:00 pm - 2:00 pm | 8:00 pm - 9:00 pm | 2:00 pm - 3:00 pm | 9:00 pm - 10:00 pm | 3:00 pm - 4:00 pm | 10:00 pm - 11:00 pm | 4:00 pm - 5:00 pm | 11:00 pm - 12:00 am | 5:00 pm - 6:00 pm | 12:00 am - 1:00 am | 6:00 pm - 7:00 pm | 1:00 am - 2:00 am | 7:00 am - 8:00,car | black | sedan | parked,driveway | house | garage | gate | sign
114,0,house | car | street light | tree | bush,car,house | street light | tree | bush
115,0,stop sign | white car | garage | house | stairs | grass | clouds | sky,white car,stop sign | garage | house | stairs | grass | clouds | sky
116,0,car | silver | sports car | convertible | luxury car | lamborghini | green light | traffic light | yellow sign | bicycle | road | bridge | ocean | beach | grass | trees | sky | clouds | blue sky | sunny day | daytime | outdoor | natural | coastal | tropical | summer | 2010 | modern | contemporary | luxury | sports,car | silver | sports car | convertible | luxury car | lamborghini | 2010 | luxury | sports,green light | traffic light | yellow sign | bicycle | road | bridge | grass | trees | sky | clouds | blue sky | sunny day | daytime | outdoor | natural | summer | modern
117,0,car | blue | sedan | toyota | gas pump | fuel | pump | sign | parking meter | parking | meter | lot | indoor | building | automobile | fueling | station | gas,car | blue | sedan | toyota | automobile,gas pump | pump | sign | parking meter | parking | building
118,0,car | silver | sedan | parked | driveway | house | tree | pine | fire hydrant | concrete | sidewalk | road | mountain | blue sky | green leaves | white clouds | tall trees | pine trees | evergreen trees | mountain range | rock | boulder | large rock | small rock | tree trunk | tree branches | leaves | grass | dirt | gravel | pine tree | evergreen tree,car | silver | sedan | parked,driveway | house | tree | pine | fire hydrant | concrete | sidewalk | road | mountain | blue sky | green leaves | white clouds | pine trees | mountain range | rock | leaves | grass | dirt | gravel | pine tree
119,0,car | house | garage | tree | fire hydrant | grass | flowers | bushes | brick | stone | window | door | fence | sky | clouds,car | window | door,house | garage | tree | fire hydrant | grass | flowers | bushes | brick | stone | fence | sky | clouds
120,0,car | black | mitsubishi | parked | garage | house | door | open | traffic light | red | yellow | green | stop | go | street | driveway | sidewalk,car | black | parked | door | red | yellow | green,garage | house | open | traffic light | stop | go | street | driveway | sidewalk
121,0,car | white | sedan | parked | building | brick | storefront | sign | street | dunmore | ct | blue | tan,car | white | sedan | parked | blue | tan,building | brick | sign | street
122,0,car | silver | sedan | one way sign | street sign | traffic sign | black and white | one way | arrow | street | alley | building | brick | stone,car | silver | sedan | black and white,street sign | traffic sign | arrow | street | alley | building | brick | stone
123,0,white car | silver car | black car | red car | yellow car | brick wall | building | street | sidewalk | garbage can | trash can lid | fire hydrant | yellow fire hydrant | green bush | tree | grass | brick building | house | street light | lamp post | clouds | sky | outdoor | urban | natural | daytime | 2010s | modern | contemporary | everyday life | transportation | vehicles | cityscape | residential | commercial | public space | infrastructure | public utilities | public services | public safety | public access | public amenities | public facilities | public buildings | public spaces | public areas | public streets | public roads | public sidewalks | public walkways | public pathways | public thoroughfares | public highways | public roadsides | public roadways | public roadside | public road,white car | silver car | black car | red car | yellow car,brick wall | building | street | sidewalk | fire hydrant | tree | grass | brick building | house | street light | lamp post | clouds | sky | outdoor | urban | natural | daytime | modern | transportation | cityscape | residential
124,0,bmw | car | silver | parked | road | trees | park | forest | leaves | grass | fire hydrant | orange | person | standing | walking | parked car | silver car,bmw | car | silver | parked | orange | silver car,road | trees | park | forest | leaves | grass | fire hydrant | person | standing | walking
125,0,car | building | horse | cow | dog | staircase | ladder | window | city | tall building | skyscraper | street light | traffic light,car | window,building | horse | cow | dog | staircase | city | tall building | skyscraper | street light | traffic light
126,0,car | silver | sports car | bentley | building | castle | stone | arch | door | entrance | window | glass | pane | frame | archway | doorway | staircase | balcony | railing | cow | bull | steer | horns | tail,car | silver | sports car | bentley | door | window | glass,building | stone | archway | doorway | staircase | balcony | cow | bull | horns | tail
127,0,house | car | horse | goat | stairs | door | window | fence | bush | tree | flowers | grass | brick | concrete | stucco | glass | metal | wood | stone | st,car | door | window | glass | metal,house | horse | goat | stairs | fence | bush | tree | flowers | grass | brick | concrete | wood | stone
128,0,car | dog | sheep | street | alley | night | dark | light | lamp | people | streetlight | car headlights | car taillights | car brake lights | car turn signals | car side mirrors | car door handle | car door lock | car door hinge | car door window | car door window wiper | car door window defroster | car door window vent | car door window seal | car door window seal strip,car | car door handle,dog | sheep | street | alley | night | dark | light | lamp | people
129,0,house | car | sheep | grass | tree | sky | roof | window | houseplant | bush,car | roof | window,house | sheep | grass | tree | sky | houseplant | bush
130,0,house | car | dog | garage | stairs | mailbox | bush | tree | fence | gate | post | steps | driveway | grass | sidewalk | brick | window | door | glass | frame | trim | roof | chimney | siding | paint | gutter | downspout,car | window | door | glass | roof,house | dog | garage | stairs | mailbox | bush | tree | fence | gate | steps | driveway | grass | sidewalk | brick
131,0,car | red | sports | convertible | ferrari | 458 | italy | europe | city | street | gas station | pump | sign | street sign | direction | arrow | gas | station | post | pole | p,car | red | sports | convertible | ferrari,city | street | gas station | pump | sign | street sign | direction | arrow | pole | p
132,0,car | red | sedan | city | tall building | sheep | goat | animal | grazing | cityscape | tall buildings | sky | clouds | sheep eating | car driving | sheep eating grass | sheep eating grass in city | sheep eating grass in cityscape | sheep eating grass in tall building | sheep eating grass in tall buildings | sheep eating grass in sky | sheep eating grass in clouds,car | red | sedan,city | tall building | sheep | goat | animal | grazing | cityscape | tall buildings | sky | clouds
133,0,car | horse | building | city | street | road | sky | tall building | car model | horse breed,car | car model,horse | building | city | street | road | sky | tall building
134,0,car | house | sheep | dog | grass | sky | clouds | tree | building | carport | garage | door | window | license plate | tag | headlight | taillight | wheel | tire | brake light | turn signal | hood | trunk | roof | door handle | window handle | mirror | steering wheel | dashboard | gauges | seats | steering column | engine | exhaust | bumper | grille | headlights | tail lights | steering,car | door | window | license plate | headlight | wheel | tire | hood | trunk | roof | mirror | steering wheel | dashboard | headlights | tail lights,house | sheep | dog | grass | sky | clouds | tree | building | garage | tag
135,0,car | red | sports | dodge | charger | parked | on street | in front of building | with sheep | in front of it | on sidewalk | with grass | in background | and palm tree,car | red | sports | dodge | charger | parked,on street | in front of building
136,0,car | house | driveway | garage | door | gate | fence | bush | dog | horse | potted plant | flower | doorbell | window | houseplant | carpet | concrete | sidewalk | street | grass | bushes | trees | sky | clouds | sunshine | outdoor | residential | urban | natural | daytime | summer | sunny | warm | pleasant | inviting | comfortable | relaxing | homey | cozy | familiar | everyday | common | ordinary | typical | standard | conventional | mainstream,car | door | window,house | driveway | garage | gate | fence | bush | dog | horse | potted plant | flower | houseplant | concrete | sidewalk | street | grass | bushes | trees | sky | clouds | outdoor | residential | urban | natural | daytime | summer | sunny
137,0,white car | black dog | building | statue | sky | city | tall building | museum | car | dog,white car | car,building | statue | sky | city | tall building | dog
138,0,car | dog | city | sky | building | tower | skyscraper | doghouse | carpet | concrete | metal | glass | brick | stone | asphalt | cityscape | urban | tall | modern | architectural | skyline | tallest | tallest building | tallest skyscraper | tallest building in the world | tallest building in the united states | tallest building in new york city | tallest building in the western hemisphere | tallest building in the world outside of the united states | tallest building in the world outside of the americas | tallest building in the world outside of the english-speaking world | tallest building in the world outside of the european union | tallest building in the world outside of the g8 countries | tallest building in the world outside of the oecd countries | tallest building in the world outside of the developed world | tallest building in the world outside of the industrialized world | tallest building in the world outside of the democratic world | tallest building in the world outside of the free world | tallest building in the world outside of the capitalist world | tallest building in the world outside of the developed democracies,car | metal | glass,dog | city | sky | building | tower | skyscraper | concrete | brick | stone | asphalt | cityscape | urban | tall | modern | skyline
139,0,car | white | sedan | public | building | city | skyscraper | tree | green | leaves | man | standing | on | ledge | balcony | suit | tie | hat | glasses | camera | black | photo | cityscape | tall | architecture | windows,car | white | sedan | green | black | windows,building | city | skyscraper | tree | leaves | man | standing | balcony | hat | camera | photo | cityscape | tall
140,0,car | silver | parked | house | white | garage | door | open | dog | running | street | paved | sidewalk | curb | tree | green | bush | houseplant | cat | sitting | bird | flying,car | silver | parked | white | door | green,house | garage | open | dog | street | paved | sidewalk | tree | bush | houseplant | cat | bird | flying
141,0,red smart car | small dog | brown dog | black and white dog | small bird | seagull | black and white bird | red car | small car | black car | white car | red truck | small truck | black truck | white truck | red van | small van | black van | white van | red bus | small bus | black bus | white bus | red motorcycle | small motorcycle | black motorcycle | white motorcycle | red bicycle | small bicycle | black bicycle | white bicycle | red scooter | small scooter | black scooter | white scooter,red car | black car | white car | red truck | white truck | white van,seagull | red van
142,0,car | black | sedan | driving | street | building | gas station | store | dog | golden retriever | standing | on sidewalk | gas pumps | storefront | sign,car | black | sedan | driving,street | building | gas station | dog | golden retriever | standing | sign
143,0,car | garage | door | house | potted plant | vase | dog | cat | garage door,car | door,garage | house | potted plant | vase | dog | cat | garage door
144,0,car | white | sports car | cat | dog | cow | street | alley | brick | building | street sign | fire hydrant | garbage | trash | bicycle | person | backpack | umbrella | potted plant | bird | sheep | horse | fish | tree | flowers | grass | sky | clouds | sun | moon | stars,car | white | sports car,cat | dog | cow | street | alley | brick | building | street sign | fire hydrant | bicycle | person | backpack | umbrella | potted plant | bird | sheep | horse | fish | tree | flowers | grass | sky | clouds | sun | moon | stars
145,0,car | blue | sedan | parked | street | wall | graffiti | sheep | goat | ram | white | black | red | yellow | green | pink | orange | gray | p,car | blue | sedan | parked | ram | white | black | red | yellow | green | pink | orange | gray,street | wall | graffiti | sheep | goat | p
146,0,car | suv | house | dog | cat | bird | street | sidewalk | driveway | grass | bushes | flowers | trees | sky | clouds | houses | cars | trucks | people | birds | dogs | cats,car | suv,house | dog | cat | bird | street | sidewalk | driveway | grass | bushes | flowers | trees | sky | clouds | people | birds
147,0,house | garage | car | horse | palm tree | blue car | white horse | green grass | potted plant | fence | driveway | garage door | horse statue | palm tree leaves | blue car convertible | white horse statue,car | blue car,house | garage | horse | palm tree | green grass | potted plant | fence | driveway | garage door | horse statue
148,0,car | red | hatchback | tree | pine | city | street | sidewalk | grass | concrete | road | park | parked | license plate | yellow | number plate | red car,car | red | hatchback | parked | license plate | yellow | red car,tree | pine | city | street | sidewalk | grass | concrete | road | park
149,0,house | garage | car | red | audi | sedan | wheel | door | window | brick | garage door | doorbell | potted plant | flowers | grass | dog | cat | bird | houseplant,car | red | sedan | wheel | door | window,house | garage | audi | brick | garage door | potted plant | flowers | grass | dog | cat | bird | houseplant
150,0,car | black | sedan | gas station | cow | brown | white | head | horns | eyes | nose | mouth | ears | tail | grass | building | night | street | parking lot | gas pump | yellow | light | car door | window | mirror | handle | steering wheel | dashboard | headlights | taillights | license plate | brake lights | turn signals | gas station sign | gas station logo | gas station pump | gas station canopy | gas station awning | gas station light | gas station parking lot | gas station parking space | gas station parking lot sign | gas station parking lot light | gas station parking lot awning | gas station parking lot canopy | gas station parking,car | black | sedan | brown | white | yellow | car door | window | mirror | steering wheel | dashboard | headlights | license plate | brake lights,gas station | cow | head | horns | eyes | nose | mouth | ears | tail | grass | building | night | street | parking lot | gas pump | light
151,0,car | suv | animal | deer | water | lake | building | city | night | light | street | road | bridge,car | suv,animal | deer | water | lake | building | city | night | light | street | road | bridge
152,0,car | sheep | graffiti | building | street | black and white | nighttime | urban | outdoor | city | parked | silver | gray | license plate | 555 | black | white | tan | sheepdog | goat | ram | woolly | horns | ears | eyes | nose | mouth | tail | legs | hooves | fur | wool,car | black and white | parked | silver | gray | license plate | black | white | tan | ram | legs,sheep | graffiti | building | street | nighttime | urban | outdoor | city | sheepdog | goat | horns | ears | eyes | nose | mouth | tail | hooves | wool
153,0,house | garage | car | door | window | tree | grass | bird | dog | car tire | garage door | house door,car | door | window | car tire,house | garage | tree | grass | bird | dog | garage door
154,0,car | lamb | goat | street | alley | building | night | dark | shadows | light | street light | lamp post | fence | gate | metal | bars | concrete | pavement | road | vehicle | sports car | luxury car | convertible | animal | sheep | ram | dog | cat | street sign | graffiti | wall | door | window | alleyway | nighttime | urban | city,car | metal | vehicle | sports car | luxury car | convertible | ram | door | window,goat | street | alley | building | night | dark | shadows | light | street light | lamp post | fence | gate | concrete | pavement | road | animal | sheep | dog | cat | street sign | graffiti | wall | nighttime | urban | city
155,0,house | car | horse | garage | driveway | lawn | tree | bush | window | door | fence | pole | roof | wall | doorway | stairs | railing | fence post | gate | horse's head | horse's neck | horse's body | horse's legs | horse's tail | car's hood | car's grill | car's headlights | car's taillights | car's license plate | car's bumper | car's tires | car's wheels | car's door | car's window | car's mirror | car's windshield | car's roof | car's trunk | car',car | window | door | roof,house | horse | garage | driveway | tree | bush | fence | pole | wall | doorway | stairs | fence post | gate
156,0,gas pump | car | gas station | active cleaning | better performance,car,gas pump | gas station
157,0,white car | dog | house | deck | stairs | fence | gate | flowers | bushes | grass | trees | sky | outdoor | residential | urban | natural | daytime | sunny | calm | peaceful | serene | relaxing | comfortable | inviting | homey | cozy | warm | friendly | welcoming | safe | secure | private | personal | family | living space | indoor/outdoor,white car,dog | house | deck | stairs | fence | gate | flowers | bushes | grass | trees | sky | outdoor | residential | urban | natural | daytime | sunny | indoor/outdoor
158,0,car | red | hatchback | nissan | 510 | door | window | mirror | license plate | 86-00 | gate | doorway | building | alley | street | pole | 56 | sign | street sign | number | animal | dog | cow | horse | elephant | giraffe | zebra | goat | sheep | pig | chicken | fish | bird | seagull | rose | tulip | daisy | lily | iris | fern | tree | bush | grass | dirt | stone | brick | concrete | metal | wood | glass | plastic | fabric | leather | paper | ink | paint | cement | asphalt | gravel | sand | water | sky | sun | moon | stars | clouds | shadows | reflections | text | numbers | letters | logos | symbols | brands | time period | geographic hints | environmental context,car | red | hatchback | door | window | mirror | license plate | metal | glass | numbers | logos | symbols | brands,gate | doorway | building | alley | street | pole | sign | street sign | number | animal | dog | cow | horse | elephant | goat | sheep | chicken | fish | bird | seagull | rose | tree | bush | grass | dirt | stone | brick | concrete | wood | cement | asphalt | gravel | sand | water | sky | sun | moon | stars | clouds | shadows | reflections | text | time period | geographic hints | environmental context
159,0,car | house | horse | red | green | white | black | blue,car | red | green | white | black | blue,house | horse
160,0,car | white | sedan | luxury | mercedes | clock | round | building | brick | clock tower | tall | windows | many | dog | brown | cow | black and white | clock face,car | white | sedan | luxury | mercedes | windows | brown | black and white,building | brick | tall | dog | cow
161,0,car | sheep | parking lot | black and white | yellow car | black and white sheep | black and white car | black and white parking lot,car | black and white | yellow car,sheep | parking lot
162,0,house | car | sheep | garage | driveway | grass | tree | fence | gate | door | window,car | door | window,house | sheep | garage | driveway | grass | tree | fence | gate
163,0,city | car | horse | boat | building | bridge | water | street | road | tower | skyscraper | river,car,city | horse | building | bridge | water | street | road | tower | skyscraper | river
164,0,car | house | tree | sheep | sign | grass | rocks | dirt,car,house | tree | sheep | sign | grass | rocks | dirt
165,0,car | red | honda | civic | parked | under shelter | wooden | cabin | sheep | brown | white | black | tan,car | red | honda | civic | parked | brown | white | black | tan,wooden | sheep
166,0,car | red | sedan | caddy | caddy cts | caddy cts v | caddy cts v red | caddy cts v red sedan | caddy cts v red sedan red | caddy cts v red sedan red sedan,car | red | sedan,
167,0,car | black | sedan | parked | road | dirt | trees | fence | metal | bridge | wood | grass | hill | forest | leaves | sky | sunny | daytime | outdoors | rural | natural | environment | geographic hints | time period indicators | no text | no logos | no symbols | no numbers | no signs | no subtle details | no partially visible objects | no reflections | no shadows,car | black | sedan | parked | metal,road | dirt | trees | fence | bridge | wood | grass | hill | forest | leaves | sky | sunny | daytime | outdoors | rural | natural | environment | geographic hints | time period indicators | no text | no logos | no symbols | no numbers | no signs | no subtle details | no partially visible objects | no reflections | no shadows
168,0,car | blue | volvo | volvo 240 | volvo 240 sedan | volvo 240 wagon | volvo 240 turbo | volvo 240 turbo wagon | volvo 240 turbo sedan,car | blue,volvo
169,0,house | car | sheep | potted plants | garage | driveway | gate | fence | door | window | deck | stairs | grass | flowers | bushes | trees | sky | clouds | sun | shadows | reflections | text | logos | symbols | brands | numbers | signs | subtle details | partially visible objects,car | door | window | logos | symbols | brands | numbers,house | sheep | potted plants | garage | driveway | gate | fence | deck | stairs | grass | flowers | bushes | trees | sky | clouds | sun | shadows | reflections | text | signs | subtle details | partially visible objects
170,0,car | house | dog | tree | grass | chairs | potted plants | flowers | fence | roof | sky | outdoor | residential | natural | daytime,car | roof,house | dog | tree | grass | potted plants | flowers | fence | sky | outdoor | residential | natural | daytime
171,0,car | silver | sedan | parked | driveway | house | garage | gate | cow | black | white | brown | horns | tail | legs | head | grass | trees,car | silver | sedan | parked | black | white | brown | legs,driveway | house | garage | gate | cow | horns | tail | head | grass | trees
172,0,car | horse | brick wall | stairs | window | building | alley | street light | lamp post | horse stable | brick building,car | window,horse | brick wall | stairs | building | alley | street light | lamp post | brick building
173,0,house | car | sheep | palm tree | fence | garage | gate | door | window | gar,car | door | window,house | sheep | palm tree | fence | garage | gate
174,0,house | car | cow | goat | garage | door | window | fence | bush | tree | grass | flowers | bird | dog | cat,car | door | window,house | cow | goat | garage | fence | bush | tree | grass | flowers | bird | dog | cat
175,0,car | dog | city | sky | flowers | grass | purple | silver | bmw | convertible | cityscape | tall buildings | skyline | dog bed | dog bedding | dog bed cover | dog bed pillow | dog bed pillowcase | dog bed pillowcases | dog bed pillowcase set | dog bed pillowcase sets | dog bed pillowcase set of 4 | dog bed pillowcase set of 6 | dog bed pillowcase set of 8 | dog bed pillowcase set of 12 | dog bed pillowcase set of 16 | dog bed pillowcase set of 20 | dog bed pillowcase set of 24 | dog bed pillowcase set of 28 | dog bed pillowcase set of 32 | dog bed pillowcase set of 36 | dog bed pillowcase set of 40 | dog bed pillowcase set of 44 | dog bed pillowcase set of 48 | dog bed pillowcase set of 52 | dog bed pillowcase set of 56 | dog bed pillowcase set of 60 | dog bed pillowcase set of,car | silver | bmw | convertible,dog | city | sky | flowers | grass | purple | cityscape | tall buildings | skyline
176,0,house | car | horse | tree | fence | door | grass | sidewalk | driveway | street,car | door,house | horse | tree | fence | grass | sidewalk | driveway | street
177,0,garage | car | dog | goat | tree | house | driveway | road | grass | leaves | flowers | fence | gate | door | window | car door | car hood | car tire | car headlight | car windshield | car side mirror | car rearview mirror,car | door | window | car door | car hood | car tire | car headlight | car windshield | car side mirror,garage | dog | goat | tree | house | driveway | road | grass | leaves | flowers | fence | gate
178,0,car | white | sedan | lifted | engine | open | hood | cow | brown | house | garage | door | gate | fence | bush | green | grass | standing | tree,car | white | sedan | hood | brown | door | green,open | cow | house | garage | gate | fence | bush | grass | standing | tree
179,0,house | garage | car | yellow | orange | bmw | brick | stairs | door | window | giraffe | brown | white | black,car | yellow | orange | bmw | door | window | brown | white | black,house | garage | brick | stairs
180,0,dog | car | house | tree | window | door | fence | deck | stairs | railing | dog house | blue | red | white | black | gray | brown,car | window | door | blue | red | white | black | gray | brown,dog | house | tree | fence | deck | stairs
181,0,house | garage | car | cow | tree | grass | sky | window | door | brick | white | black | red | brown | gold | silver,car | window | door | white | black | red | brown | gold | silver,house | garage | cow | tree | grass | sky | brick
182,0,car | red | sports car | house | trees | leaves | red car | red sports car | red convertible | red sports car convertible | red car convertible,car | red | sports car | red car | red sports car,house | trees | leaves
183,0,car | black | sports car | parked | on grass | in front of house | near trees | blue sky | sunny day | outdoors | natural environment | no people | no animals | no birds | no flowers | no grass | no trees | no leaves | no branches | no fence | no house | no sky | no sun | no shadows | no reflections | no text | no logos | no symbols | no numbers | no signs | no subtle details | no partially visible objects | no time period indicators | no environmental context,car | black | sports car | parked,blue sky | sunny day | outdoors | natural environment | no people | no animals | no birds | no flowers | no grass | no trees | no shadows | no reflections | no text | no logos | no symbols | no numbers | no signs | no subtle details | no partially visible objects
184,0,car | blue | sports car | parked | driveway | house | brick | garage | door | open | potted plant | green | bush | window | garage door,car | blue | sports car | parked | door | green | window,driveway | house | brick | garage | open | potted plant | bush | garage door
185,0,car | blue | sports car | convertible | city street | crosswalk | traffic light | pedestrian | dog | spotted | black and white | street light | lamp post | building | tall | cityscape | urban | nighttime | wet | rainy | reflections | shadows | textured | grainy | black and white photo | artistic | creative | unique | perspective | angle | composition | contrast | depth | atmosphere | mood | emotion | feeling | sensation | experience | perception | memory | imagination | creativity | art | photography | visual art | aesthetics | style | form | function | purpose | meaning | significance | value | worth | importance | relevance | connection | relationship | context | background | foreground | focus | depth of field | blur | motion | stillness | time | duration | sequence | progression | change | continuity | repetition | variation | balance | harmony | dissonance | tension | relaxation | excitement | anticipation | surprise | novelty | familiarity | comfort | discomfort | challenge | opportunity | risk | reward | success | failure | achievement | accomplishment | satisfaction | fulfillment | happiness,car | blue | sports car | convertible | black and white,traffic light | pedestrian | dog | street light | lamp post | building | tall | cityscape | urban | nighttime | reflections | shadows | black and white photo | artistic | creative | perspective | angle | composition | contrast | depth | background | focus | motion
186,0,car | horse | garage | house | storage | red | yellow | orange | black | white | silver | pink,car | red | yellow | orange | black | white | silver | pink,horse | garage | house
187,0,car | orange | sports | ferrari | building | house | goat | bull | cow | animal | mountain | tree | grass | fence | gate | window | door,car | orange | sports | ferrari | window | door,building | house | goat | bull | cow | animal | mountain | tree | grass | fence | gate
188,0,red car | white sheep | gas pump | building | sky | clouds | white clouds | blue sky,red car,gas pump | building | sky | clouds | white clouds | blue sky
189,0,car | cow | church | barn | house | building | door | window | roof | steeple | bell | church bell,car | door | window | roof,cow | barn | house | building
190,0,car | audi | gray | parked | in front of house | on street | near tree | horse | brown | standing,car | gray | parked | brown,audi | on street | near tree | horse | standing
191,0,car | white | rolex | luxury | parked | outside | house | fence | gate | cow | black and white | standing | grass | field | f,car | white | luxury | parked | black and white,outside | house | fence | gate | cow | standing | grass | field
192,0,car | house | sheep | rocks | grass | trees | mountains | fall leaves | shed | barn | red car | black tire | white tire | red car hood | red car door | red car trunk | red car roof | red car headlights | red car taillights | red car grill | red car bumper,car | red car | black tire,house | sheep | rocks | grass | trees | mountains | barn
193,0,cityscape | car | dog | white | sedan | city | tall buildings | sunset | skyline | streetlights | traffic lights | golden retriever | white car,car | white | sedan | white car,cityscape | dog | city | tall buildings | sunset | skyline | golden retriever
194,0,car | horse | fence | house | gate | door | stairs | driveway | brick | stone | concrete | metal | wood | glass | window,car | door | metal | glass | window,horse | fence | house | gate | stairs | driveway | brick | stone | concrete | wood
195,0,car | silver | sedan | parked | street | tree | green | leaves | dog | brown | white | black,car | silver | sedan | parked | green | brown | white | black,street | tree | leaves | dog
196,0,house | car | tree | grass | driveway | garage | door | window | fence | gate | rock | dog | cat | bird | flower | bush,car | door | window,house | tree | grass | driveway | garage | fence | gate | rock | dog | cat | bird | flower | bush
197,0,car | white | bmw | convertible | sheep | goat | diesel | gas pump | super unleaded | 3.59,car | white | bmw | convertible,sheep | goat | gas pump
198,0,house | car | garage | tree | bush | door | window,car | door | window,house | garage | tree | bush
199,0,red car | white cow | tall building | white,red car | white,tall building
200,0,before | after | car | black | convertible | brick | gate | wood | door | house | tree | flowers | potted | bushes | dog | cat | wall | road | pavement | shadow | light | reflection | logo | number | sign | text,car | black | convertible | door | logo,brick | gate | wood | house | tree | flowers | bushes | dog | cat | wall | road | pavement | shadow | light | reflection | number | sign | text
201,0,house | car | dog | sheep | grass | sign,car,house | dog | sheep | grass | sign
202,0,car | horse | building | stairs | potted plant | brick wall | stone wall | window | door | horse head | car tire | horse tail,car | window | door | car tire,horse | building | stairs | potted plant | brick wall | stone wall | horse head | horse tail
203,0,house | car | dog | fence | garage | palm tree | sky | window,car | window,house | dog | fence | garage | palm tree | sky
204,0,car | house | dog | cat | grass | flowers | bushes | trees | sky | clouds | roof | windows | door | driveway | sidewalk | street,car | roof | windows | door,house | dog | cat | grass | flowers | bushes | trees | sky | clouds | driveway | sidewalk | street
205,0,yellow car | black dog | brick building | tree | street | sidewalk | car tire | car wheel | car engine | car headlight | car taillight | car brake light | car license plate | car hood | car door | car window | car mirror | car steering wheel | car seatbelt | car dashboard | car steering column | car pedal | car door handle | car trunk | car hatchback | car convertible | car sports car | car muscle car | car classic car | car luxury car | car economy car | car compact car | car minivan | car suv | car truck | car tractor trailer | car bus | car train | car airplane | car boat | car bicycle | car motorcycle | car scooter | car skateboard | car surfboard | car snowboard | car skis | car snowshoes | car backpack | car handbag | car suitcase | car briefcase | car laptop | car cell phone | car remote control | car gps | car sunglasses | car hat | car scarf | car glove | car jacket | car pants | car shirt | car tie,yellow car | car tire | car wheel | car headlight | car taillight | car brake light | car license plate | car hood | car door | car window | car mirror | car steering wheel | car door handle | car trunk,brick building | tree | street | sidewalk
206,0,car | red | audi | sports car | house | garage | cow | black and white | bull | palm tree | grass | driveway | street | drive,car | red | sports car | black and white,audi | house | garage | cow | bull | palm tree | grass | driveway | street | drive
207,0,house | car | sheep | garage | brick | window | door,car | window | door,house | sheep | garage | brick
208,0,house | garage | car | sheep | tree | umbrella | door | window,car | door | window,house | garage | sheep | tree | umbrella
209,0,car | animal | rock | path | road | grass | tree,car,animal | rock | path | road | grass | tree
210,0,car | dog | horse | house | grass | tree | sky | blue | red | white | black | brown,car | blue | red | white | black | brown,dog | horse | house | grass | tree | sky
211,0,car | bmw | red | convertible | horse | jumping | blue awning | parking garage | metal | pole | street | concrete | pavement | gravel | grass | fence | horse statue | white | and blue | sign | statue,car | bmw | red | convertible | metal | white,horse | jumping | pole | street | concrete | pavement | gravel | grass | fence | horse statue | sign | statue
212,0,city | car | cow | ice skating rink | people | trees | buildings | sky | street lights | traffic lights | benches | skateboard | umbrella | handbag | backpack | cow statue | bull statue | sheep statue | goat statue | dog statue | horse statue | penguin statue | giraffe statue | elephant statue | zebra statue | gorilla statue | chimpanzee statue | orangutan statue | kangaroo statue | koala statue | panda statue | tiger statue | lion statue,car,city | cow | people | trees | buildings | sky | umbrella | backpack | horse statue
213,0,car | house | elephant | dog | potted plant | garage | driveway | street | house exterior | garage door | car door | car hood | car tire | car wheel | car headlight | car grill | car tail light | car brake light | car license plate | car mirror | car window | car door handle | car steering wheel | car seat belt | car door lock | car door hinge | car door latch | car door seal | car door jamb | car door threshold | car door sill,car | car door | car hood | car tire | car wheel | car headlight | car grill | car tail light | car brake light | car license plate | car mirror | car window | car door handle | car steering wheel,house | elephant | dog | potted plant | garage | driveway | street | house exterior | garage door
214,0,audi | horse | car | house | garage | tree | grass | street | driveway | horse's head | horse's neck | horse's body | horse's tail | horse's legs | horse's hooves | horse's mane | horse's ears | horse's eyes | horse's nose | horse's mouth | horse's whiskers | horse',car,audi | horse | house | garage | tree | grass | street | driveway
215,0,car | house | tree | dog | cat | bird | leaves | grass,car,house | tree | dog | cat | bird | leaves | grass
216,0,car | house | dog | tree | grass | sky,car,house | dog | tree | grass | sky
217,0,house | garage | car | red | convertible | brick | window | door | green | garage door | red car | brick house | green garage,car | red | convertible | window | door | green | red car,house | garage | brick | garage door | brick house
218,0,car | red | sedan | honda | road | dirt | grass | sheep | white | ram | tree | green | forest | house | tire | black | wheel,car | red | sedan | honda | white | ram | green | tire | black | wheel,road | dirt | grass | sheep | tree | forest | house
219,0,car | horse | photo | beetle | white | silver | blue | green | gray | black | brown | red | yellow,car | beetle | white | silver | blue | green | gray | black | brown | red | yellow,horse | photo
220,0,house | car | dog | cat | palm tree,car,house | dog | cat | palm tree
221,0,house | garage | car | dog | fence | gate | door | window | tree,car | door | window,house | garage | dog | fence | gate | tree
222,0,red sports car | ferrari | on road | city | daytime | stone bridge | sheep | goat | dog | sheepdog | car | bridge,red sports car | ferrari | car,on road | city | daytime | sheep | goat | dog | sheepdog | bridge
223,0,house | car | sheep | dog | grass | driveway | garage | window | door,car | window | door,house | sheep | dog | grass | driveway | garage
224,0,house | car | cow | red | silver | black | white | yellow | green | brown,car | red | silver | black | white | yellow | green | brown,house | cow
225,0,car | horse | building | fire escape | ladder | stairs | wall | street | city | outdoor | urban | environment | time period | 2010s,car,horse | building | stairs | wall | street | city | outdoor | urban | environment | time period
226,0,car | house | cow | garage | driveway | street | sidewalk | house number | door | window | garage door | car door | car hood | car tire | car bumper | car headlight | car tail light | car license plate | bull | calf | horse | fence | gate | f,car | door | window | car door | car hood | car tire | car bumper | car headlight | car tail light | car license plate,house | cow | garage | driveway | street | sidewalk | garage door | bull | horse | fence | gate
227,0,car | green | honda | civic | license plate | 4x4 | cow | brown | laying down | black and white | white lines | checkered | pavement | street | road,car | green | honda | civic | license plate | 4x4 | brown | black and white,cow | pavement | street | road
228,0,car | blue | sedan | s5 | 2015 | license plate | 2015-0000 | tree | leafy | green | cow | white | bull | animal | farm | grass | dirt road | country | daytime | sunny | clear | no people | no traffic | no buildings | no signs | no text | no logos | no symbols | no numbers | no reflections | no shadows | no subtle details | no partially visible objects,car | blue | sedan | license plate | green | white,tree | cow | bull | animal | farm | grass | dirt road | country | daytime | sunny | clear | no people | no traffic | no buildings | no signs | no text | no logos | no symbols | no numbers | no reflections | no shadows | no subtle details | no partially visible objects
229,0,car | white | sedan | parked | on street | in front of building | with fence | and bushes | and trees | and lamp post | and street light | and fire hydrant | and potted plant | and dog | and cat | and sheep | and fence,car | white | sedan | parked,on street | in front of building
230,0,car | horse | garage | house | dirt | grass | mountain | car door | car hood | car tire | car headlight | car grill | car trunk | horse head | horse tail | horse legs | horse hooves | horse mane,car | car door | car hood | car tire | car headlight | car grill | car trunk,horse | garage | house | dirt | grass | mountain | horse head | horse tail
231,0,city | car | horse | building | sky | tall building | skyscraper | cityscape | urban | nighttime | lit city | lit building | lit skyscraper | lit cityscape | lit tall building | lit sky | lit skyline | lit,car,city | horse | building | sky | tall building | skyscraper | cityscape | urban | nighttime
232,0,car | audi | sheep | brick wall | potted plant | window | door | fence | gate | sheep's head | sheep's body | sheep's legs | sheep's wool | car tire | car door | car window | car hood | car trunk | car bumper | car headlight | car taillight | car brake light | car turn signal | car license plate | car mirror | car windshield wiper | car windshield | car steering wheel | car seatbelt | car door handle | car trunk handle | car hood scoop | car grill | car bumper guard | car bumper sticker | car bumper light | car bumper reflector | car bumper emblem | car bumper logo | car bumper text | car bumper number | car bumper symbol | car bumper brand | car bumper color | car bumper pattern | car bumper texture | car bumper material | car bumper shape | car bumper design | car bumper style | car bumper decoration | car bumper ornament | car bum,car | window | door | car tire | car door | car window | car hood | car trunk | car bumper | car headlight | car taillight | car brake light | car turn signal | car license plate | car mirror | car windshield | car steering wheel | car door handle | car grill,audi | sheep | brick wall | potted plant | fence | gate
233,0,car | black | audi | s4 | fence | chain link | gate | sheep | white | dog | sheepdog | fence post | metal | gate post | metal fence | chain link fence | sheep pen | outdoor | rural | environment | daytime | sunny | grass | dirt | gravel | rocks | fence line | sheep's head | sheep's face | sheep's eyes | sheep's nose | sheep's mouth | sheep's ears | sheep's wool | sheep's body | sheep's legs | sheep's tail | sheep's,car | black | white | metal,audi | fence | gate | sheep | dog | sheepdog | fence post | outdoor | rural | environment | daytime | sunny | grass | dirt | gravel | rocks
234,0,car | horse | house | grass | sky | tree | power line | window | door | horse head | car headlight | car tire | horse tail,car | window | door | car headlight | car tire,horse | house | grass | sky | tree | horse head | horse tail
235,0,car | red | sports car | ford | mustang | parking garage | gas pumps | parking meter | parking booth | parking attendant | gas station | indoor | urban | 2010,car | red | sports car | ford | 2010,parking meter | gas station | urban
236,0,car | black | sedan | porsche | license plate | 3,car | black | sedan | license plate,
237,0,cityscape | nighttime | red car | horse | white horse | city lights | tall buildings | lit up city | lit up car | lit up horse | lit up skyline | lit up cityscape,red car,cityscape | nighttime | horse | tall buildings
238,0,car | blue | sports car | convertible | luxury | brand | model | breed | species | house | building | wall | door | window | dog | cat | bear | animal | outdoor | urban | natural | environment | time period | weather | sky | clouds | trees | grass | pine tree | evergreen tree,car | blue | sports car | convertible | luxury | brand | model | door | window,breed | species | house | building | wall | dog | cat | bear | animal | outdoor | urban | natural | environment | time period | weather | sky | clouds | trees | grass | pine tree
239,0,car | red | nissan | city | street | traffic | lights | tall buildings | skyline | dog | cow | cityscape | night | traffic light | street light | tall building,car | red,city | street | traffic | tall buildings | skyline | dog | cow | cityscape | night | traffic light | street light | tall building
240,0,car | red | compact | sedan | driving | garage | house,car | red | compact | sedan | driving,garage | house
241,0,yellow car | brick driveway | house | dog | horse | grass | trees | fence | house with a brick driveway | yellow sports car | horse and dog,yellow car,house | dog | horse | grass | trees | fence
242,0,car | horse | house | street | brick | straw | ivy | window | door | horse stable | brick building | iv,car | window | door,horse | house | street | brick | brick building
243,0,car | volkswagen | silver | parked | house | tree | pine | dog | black | white | brown | cow | black and white,car | volkswagen | silver | parked | black | white | brown | black and white,house | tree | pine | dog | cow
244,0,car | white | convertible | bmw | 3 series | 2010 | parked | on road | near building | outdoor | urban | natural | daytime | no people | no animals | no plants | no signs | no text | no logos | no symbols | no numbers | no reflections | no shadows,car | white | convertible | bmw | 2010 | parked,on road | outdoor | urban | natural | daytime | no people | no animals | no signs | no text | no logos | no symbols | no numbers | no reflections | no shadows
245,0,house | garage | car | horse | palm tree | grass | driveway | street | home | garage door | red car | silver car | brown horse | green grass,car | red car | silver car,house | garage | horse | palm tree | grass | driveway | street | home | garage door | brown horse | green grass
246,0,car | blue | sports car | parked | driveway | house | white | stucco | palm tree | potted plant | green | bush | flowers | pink | yellow | red | black,car | blue | sports car | parked | white | green | pink | yellow | red | black,driveway | house | palm tree | potted plant | bush | flowers
247,0,car | black | sedan | driving | street | alley | night | dark | stone | brick | building | street light | lamp | pole | dog | cat,car | black | sedan | driving,street | alley | night | dark | stone | brick | building | street light | lamp | pole | dog | cat
248,0,house | garage | car | horse | pig | grass | driveway | brick | window | door | fence | bush | tree | flowers | dog | cat | p,car | window | door,house | garage | horse | grass | driveway | brick | fence | bush | tree | flowers | dog | cat | p
249,0,car | red | audi | sports car | sheep | dog | black and white | grass | road | pine tree | green | red car,car | red | sports car | black and white | green | red car,audi | sheep | dog | grass | road | pine tree
250,0,car | orange | sports car | road | snow | trees | forest | yellow fire hydrant | snowy | winter | cold | orange sports car,car | orange | sports car,road | snow | trees | forest | snowy | winter | cold
251,0,car | white | convertible | parked | on road | near tree | mailbox | blue | on side of road | in woods | outdoors | natural | daytime | sunny | no people | no animals | no birds | no flowers | no leaves | no grass | no trees | no sky | no water | no buildings | no signs | no text | no logos | no symbols | no brands | no numbers | no time period indicators | no environmental context | no subtle details | no partially visible objects | no reflections | no shadows,car | white | convertible | parked | blue | no brands,on road | near tree | mailbox | in woods | outdoors | natural | daytime | sunny | no people | no animals | no birds | no flowers | no grass | no trees | no buildings | no signs | no text | no logos | no symbols | no numbers | no subtle details | no partially visible objects | no reflections | no shadows
252,0,car | silver | e houston st | mountain | cloudy | green | blue | white | red | black,car | silver | green | blue | white | red | black,mountain | cloudy
253,0,car | red | volkswagen | beetle | flying | road | sign | white | pink | yellow | green | blue,car | red | volkswagen | beetle | white | pink | yellow | green | blue,flying | road | sign
254,0,car | black | sedan | driving | road | paved | trees | green | forest | sign | street | roadside | parked | parked car | driving car | black car,car | black | sedan | driving | green | parked | black car,road | paved | trees | forest | sign | street | roadside
255,0,car | white | sedan | 7200 w | road | dirt | mountains | desert | sunset | outdoors | natural | evening,car | white | sedan,road | dirt | mountains | desert | sunset | outdoors | natural | evening
256,0,car | black | sports car | dodge | charger | flying | airborne | road | street | trees | forest | parking meter | silver | pole | road sign | white | black and white | colorful | vibrant | lush | green | outdoors | natural | daytime | sunny | clear | bright | sunny day,car | black | sports car | dodge | charger | silver | white | black and white | green,flying | road | street | trees | forest | parking meter | pole | road sign | outdoors | natural | daytime | sunny | clear | bright | sunny day
257,0,stop sign | car | road | trees | forest | pine trees | stop sign pole | stop sign post | stop sign sign | stop sign signboard | stop sign signboard post | stop sign signboard pole,car,stop sign | road | trees | forest | pine trees | stop sign pole | stop sign post | stop sign sign | stop sign signboard
258,0,car | blue | sedan | parked | mountain | background | road | yellow | lines | man | walking | roadside | sign | water tower | green | white | red | black,car | blue | sedan | parked | yellow | green | white | red | black,mountain | background | road | man | walking | roadside | sign
259,0,car | blue | sedan | acura | driving | road | forest | trees | foggy | daytime | sunny | blurry | motion | speed | 30 mph | 30 mph sign | 30 mph speed limit | 30 mph speed limit sign | 30,car | blue | sedan | driving,road | forest | trees | foggy | daytime | sunny | blurry | motion
260,0,car | suv | truck | road | street | trees | grass | flowers | bushes | sign | road sign | street sign | roadway | street corner | intersection | traffic sign | traffic light | stop sign | road markings | shadows | sunlight | sky | green | blue | white | gray | black | red | yellow,car | suv | truck | green | blue | white | gray | black | red | yellow,road | street | trees | grass | flowers | bushes | sign | road sign | street sign | roadway | traffic sign | traffic light | stop sign | road markings | shadows | sunlight | sky
261,0,car | orange | sedan | madison | wisconsin | road | highway | mountains | cloudy | sky | blue | white | line | roadway | pavement | asphalt | grass | hill | landscape | scenery | outdoor | natural | daytime | sunny | clear | no people | no traffic | no animals | no birds | no flowers | no trees | no buildings | no signs | no text | no logos | no symbols | no numbers | no reflections | no shadows,car | orange | sedan | blue | white,road | highway | mountains | cloudy | sky | roadway | pavement | asphalt | grass | hill | landscape | scenery | outdoor | natural | daytime | sunny | clear | no people | no traffic | no animals | no birds | no flowers | no trees | no buildings | no signs | no text | no logos | no symbols | no numbers | no reflections | no shadows
262,0,car | silver | sports car | convertible | license plate | yellow | number plate | 123,car | silver | sports car | convertible | license plate | yellow,
263,0,car | blue | sedan | license plate | 4x4 | mountain | road | dirt | rock | fire hydrant | red | grass | hill | mountain range | sky | clouds | dirt road | gravel | rocky | mountainous | rural | natural | outdoor | geographic hint | time period indicator | environmental context,car | blue | sedan | license plate | 4x4 | red | time period indicator,mountain | road | dirt | rock | fire hydrant | grass | hill | mountain range | sky | clouds | dirt road | gravel | rocky | mountainous | rural | natural | outdoor | geographic hint | environmental context
264,0,little austinite | bmw | car | blue | silver | convertible | tree | leaves | traffic light | red | green | stop | go | road | path | fence | gate | bridge | trees | sky | clouds | sun | shade | light | shadow | forest | woods | park | outdoor | daytime | sunny | clear | bright | sunny day,bmw | car | blue | silver | convertible | red | green,tree | leaves | traffic light | stop | go | road | path | fence | gate | bridge | trees | sky | clouds | sun | shade | light | shadow | forest | woods | park | outdoor | daytime | sunny | clear | bright | sunny day
265,0,car | black | sedan | tree | green | forest | road | paved | yellow | line | grass | trees,car | black | sedan | green | yellow,tree | forest | road | paved | grass | trees
266,0,stop sign | car | red | luxury,car | red | luxury,stop sign
267,0,car | toy car | red | convertible | dirt road | grass | trees | mud | tire | wheel | license plate | pole | sign | dirt | road,car | toy car | red | convertible | tire | wheel | license plate,dirt road | grass | trees | pole | sign | dirt | road
268,0,stop sign | white car | road | mountains | grass | sky,white car,stop sign | road | mountains | grass | sky
269,0,car | silver | hatchback | lafayette st | lighthouse | tower | green | trees | forest | road | dirt | grass | sky | clouds | green leaves | white clouds | blue sky,car | silver | hatchback | green,tower | trees | forest | road | dirt | grass | sky | clouds | green leaves | white clouds | blue sky
270,0,stop sign | road | mountain | desert | car | smart car | road sign | stop sign pole | road sign post | road sign base | road sign base plate | road sign post cap | road sign post cap bolt | road sign post cap bolt washer,car,stop sign | road | mountain | desert | road sign | stop sign pole
271,0,car | orange | sports car | convertible | forest | trees | pine trees | road | street | traffic light | red | stoplight | green | yellow | white | black,car | orange | sports car | convertible | red | green | yellow | white | black,forest | trees | pine trees | road | street | traffic light | stoplight
272,0,car | orange | bent | advertisement | sign | rock | road | trees | green | blue | white | black,car | orange | green | blue | white | black,sign | rock | road | trees
273,0,yellow car | road | trees | grass | fence | fire hydrant,yellow car,road | trees | grass | fence | fire hydrant
274,0,stop sign | red | stop | traffic sign | road | path | car | maroon | vehicle,red | car | vehicle,stop sign | stop | traffic sign | road | path
275,0,stop sign | car | road | mountains | rocks | sky,car,stop sign | road | mountains | rocks | sky
276,0,car | blue | sedan | parked | road | paved | forested | mountains | trees | fire hydrant | red | yellow | orange | white | black | silver,car | blue | sedan | parked | red | yellow | orange | white | black | silver,road | paved | mountains | trees | fire hydrant
277,0,car | silver | sedan | mountain | road | dirt | sky | blue | mountains | hills | rock | dirt road,car | silver | sedan | blue,mountain | road | dirt | sky | mountains | hills | rock | dirt road
278,0,car | audi | white | sedan | road | highway | mountains | trees | pine | forest | parking meter | blue | box | mailbox | outdoor | natural | daytime | sunny | clear | blue sky | green | grass | pine trees | evergreen | tall,car | white | sedan | blue | green,audi | road | highway | mountains | trees | pine | forest | parking meter | mailbox | outdoor | natural | daytime | sunny | clear | blue sky | grass | pine trees | evergreen | tall
279,0,car | black | compact | hatchback | yellow sign | no parking | no stopping,car | black | compact | hatchback,yellow sign | no parking
280,0,car | blue | hatchback | license plate | 2014 | mountain | road | dirt | grass | trees | mountains | red light | traffic light | stop sign | road sign | grassy field | dirt road | mountain range | forest | clouds | sky | daytime | outdoors | natural | rural | environment | geographic | time period | weather | natural lighting | no people | no animals | no objects | no text | no logos | no symbols | no brands | no numbers | no signs | no subtle details | no reflections | no shadows,car | blue | hatchback | license plate | 2014 | no brands,mountain | road | dirt | grass | trees | mountains | red light | traffic light | stop sign | road sign | grassy field | dirt road | mountain range | forest | clouds | sky | daytime | outdoors | natural | rural | environment | geographic | time period | weather | no people | no animals | no text | no logos | no symbols | no numbers | no signs | no subtle details | no reflections | no shadows
281,0,car | white | sedan | avalon | one way | sign | road | grass | trees | sky | clouds | white clouds | blue sky | green grass,car | white | sedan,sign | road | grass | trees | sky | clouds | white clouds | blue sky | green grass
282,0,car | mercedes | brown | sedan | license plate | 4x4 | cloudy sky | parking meter | black | metal | concrete | road | dirt | gravel | grass | sky | blue | white clouds | sunny | daytime | outdoor | natural | environment | geographic hint | time period indicator | no people | no animals | no text | no logos | no symbols | no numbers | no signs | no subtle details | no partially visible objects | no reflections | no shadows,car | mercedes | brown | sedan | license plate | 4x4 | black | metal | blue | time period indicator,cloudy sky | parking meter | concrete | road | dirt | gravel | grass | sky | white clouds | sunny | daytime | outdoor | natural | environment | geographic hint | no people | no animals | no text | no logos | no symbols | no numbers | no signs | no subtle details | no partially visible objects | no reflections | no shadows
283,0,ferrari | red | sports car | flying | road | highway | yellow lines | clouds | blue sky | white clouds | tall building | church steeple | cross | telephone pole | power lines | road sign | grass | trees | sky,ferrari | red | sports car,flying | road | highway | clouds | blue sky | white clouds | tall building | telephone pole | power lines | road sign | grass | trees | sky
284,0,car | toy car | black | red | silver | white | small | miniature | road | dirt | desert | mountain | rock | bush | fire hydrant | orange | yellow | green | blue | gray,car | toy car | black | red | silver | white | small | orange | yellow | green | blue | gray,road | dirt | desert | mountain | rock | bush | fire hydrant
285,0,yellow car | yellow car on road | yellow car in air | yellow car in trees | yellow car in woods | yellow car in forest | yellow car in autumn | yellow car in fall | yellow car in season | yellow car in seasonal | yellow car in seasonal tree | yellow car in seasonal tree with leaves | yellow car in seasonal tree with leaves and branches | yellow car in seasonal tree with leaves and branches in autumn | yellow car in seasonal tree with leaves and branches in fall | yellow car in seasonal tree with leaves and branches in season | yellow car in seasonal tree with leaves and branches in seasonal | yellow car in seasonal tree with leaves and branches in seasonal autumn | yellow car in seasonal tree with leaves and branches in seasonal fall | yellow car in seasonal tree with leaves and branches in seasonal season | yellow car in seasonal tree with leaves and branches in seasonal seasonal | yellow,yellow car | yellow,
286,0,car | black | sedan | chevrolet | silverado | truck | blue | parking meter | snow | trees | forest | woods | mountains | winter | road | street | plowed | yellow | lines | road markings,car | black | sedan | chevrolet | silverado | truck | blue | yellow,parking meter | snow | trees | forest | woods | mountains | winter | road | street | road markings
287,0,car | red | sedan | toyota | madison st | road | street | trees | forest | woods | green | yellow | sign | road sign | street sign | traffic sign | road marking | road markings | road mark,car | red | sedan | toyota | green | yellow,road | street | trees | forest | woods | sign | road sign | street sign | traffic sign | road marking | road markings
288,0,car | white | sedan | sky | blue | daytime | road | empty | desert | landscape,car | white | sedan | blue,sky | daytime | road | desert | landscape
289,0,yellow car | beetle | yellow bug | yellow vw | yellow volkswagen | yellow vehicle | yellow buggy | yellow car on road | yellow car on dirt road | yellow car on gravel road | yellow car on sandy road | yellow car on dirt path | yellow car on gravel path | yellow car on sandy path | yellow car on dirt trail | yellow car on gravel trail | yellow car on sandy trail | yellow car on dirt roadway | yellow car on gravel roadway | yellow car on sandy roadway | yellow car on dirt pathway | yellow car on gravel pathway | yellow car on sandy pathway | yellow car on dirt trailway | yellow car on gravel trailway | yellow car on sandy trailway | yellow car on,yellow car | beetle,
290,0,car | black | sedan | luxury | kia | road | highway | trees | green | grass | sidewalk | pedestrian | person | walking | sign | green sign | road sign | direction | street sign | road name | road number | traffic sign | stop sign | yield sign | road markings,car | black | sedan | luxury | green,road | highway | trees | grass | sidewalk | pedestrian | person | walking | sign | road sign | direction | street sign | traffic sign | stop sign | road markings
291,0,car | white | sports car | lamborghini | road | paved | forest | trees | green | mountains | hill | steep | curve | narrow | dirt | gravel | grass | plants | bushes | leaves | pine trees,car | white | sports car | lamborghini | green | narrow,road | paved | forest | trees | mountains | hill | dirt | gravel | grass | bushes | leaves | pine trees
292,0,car | red | sports car | racing | driving | speeding | jumping | parking meter | 9 | 3 | 1 | 2 | 4 | 5 | 6 | 7 | 8 | 10 | 11 | 12 | 13 | 14 | 15 | 16 | 17 | 18 | 19 | 20 | 21 | 22 | 23 | 24 | 25 | 26 | 27 | 28 | 29 | 30 | 31 | 32 | 33 | 34 | 35 | 36 | 37 | 38 | 39 | 40 | 41 | 42 | 43 | 44 | 45 | 46 | 47 | 48 | 49 | 50 | 51 | 52 | 53 | 54 | 55 | 56 | 57 | 58 | 59 | 60 | 61,car | red | sports car | driving,jumping | parking meter
293,0,stop sign | car | stop sign pole | road | dirt road | desert | mountain | rock | license plate | tag | car hood | car door | car window | car windshield | car headlight | car taillight | car brake light | car turn signal | car mirror | car steering wheel | car dashboard | car interior | car exterior | car tire | car rim | car hubcap | car bumper | car grill | car hood ornament | car logo | car brand | car model | car color | car make | car year | car tag number | car license plate number | car make and model | car color and model | car make and year | car tag and license plate | car make and tag | car tag and license plate number | car make and tag number | car make and year number,car | license plate | car hood | car door | car window | car windshield | car headlight | car taillight | car brake light | car turn signal | car mirror | car steering wheel | car tire | car bumper | car grill | car hood ornament | car logo | car brand | car model | car color,stop sign | stop sign pole | road | dirt road | desert | mountain | rock | tag
294,0,car | red | sedan | tree | branch | sky | clouds | road | sign | caution | person | construction | worker | orange | triangle | road sign | caution sign | construction sign | road hazard | road work | construction zone | road maintenance | road repair | road safety | road conditions | road hazards | road signs | road markings | road warnings | road hazard warning | road construction warning | road maintenance warning | road repair warning | road safety warning | road conditions warning | road hazard caution | road work caution | road maintenance caution | road repair caution | road safety caution | road conditions caution | road hazard sign | road work sign | road maintenance sign | road repair sign | road safety sign | road conditions sign | road hazard warning sign | road work warning sign | road maintenance warning sign | road repair warning sign | road safety warning sign | road conditions warning sign | tree trunk | tree branches | sky background | clouds in sky | road ahead | road ahead sign | road ahead warning | road ahead caution | road ahead hazard | road ahead hazard sign | road ahead warning sign | road ahead caution sign | road ahead hazard caution,car | red | sedan | orange,tree | sky | clouds | road | sign | caution | person | road sign | road markings
295,0,bentley | stop sign | road | desert | dirt | grass | car | white | convertible | license plate | 525 | stop | road sign | white car | license,bentley | car | white | convertible | license plate | white car,stop sign | road | desert | dirt | grass | stop | road sign
296,0,car | mercedes | silver | sports car | license plate | 4x4 | dirt road | forest | trees | bushes | fire hydrant | white | gray | black | red | blue | green | yellow,car | mercedes | silver | sports car | license plate | 4x4 | white | gray | black | red | blue | green | yellow,dirt road | forest | trees | bushes | fire hydrant
297,0,car | one way sign | road | trees | lake | fog | one way,car,road | trees | lake | fog
298,0,mercedes benz | jeep | snow | road | sun | trees | sky | car | sunroof | windshield | wipers | headlights | grill | license plate | je,jeep | car | windshield | wipers | headlights | grill | license plate,snow | road | sun | trees | sky
299,0,car | bentley | luxury | sports car | red | parked | parking authority | trap | sign | road | highway | desert | mountains | dirt | grass | bushes | rocks | sand | gravel | dirt road | asphalt | pavement | highway sign | parking sign | parking authority sign | parking authority trap | parking authority warning | parking authority rules | parking authority regulations | parking authority restrictions | parking authority guidelines | parking authority instructions | parking authority information | parking authority details | parking authority requirements | parking authority expectations | parking authority demands | parking authority standards | parking authority norms | parking authority laws | par,car | bentley | luxury | sports car | red | parked,sign | road | highway | desert | mountains | dirt | grass | bushes | rocks | sand | gravel | dirt road | asphalt | pavement | highway sign
300,0,stop sign | red car | silver car | road | trees | grass | stop sign pole | road sign,red car | silver car,stop sign | road | trees | grass | stop sign pole | road sign
301,0,car | audi | cloudy sky | traffic light | yellow | red | green | stoplight | road | grass | field | sky | clouds | black | silver | tire | wheel | headlight | tail light | license plate | number plate | license,car | yellow | red | green | black | silver | tire | wheel | headlight | license plate,audi | cloudy sky | traffic light | stoplight | road | grass | field | sky | clouds
302,0,5th ave | 5th ave sign | car | convertible | yellow car | road | street | trees | forest | greenery | pine trees | palm trees | 5th ave signpost | 5th ave street sign | 5th ave street signpost | 5,car | convertible | yellow car,road | street | trees | forest | greenery | pine trees | palm trees
303,0,car | white | beetle | convertible | parked | snowy | road | pine trees | forest | winter | sunny | day | parking meter | green | metal | pole | street sign | snow | trees | pine | sunlight | shadows | sun | light | bright | daytime,car | white | beetle | convertible | parked | green | metal,snowy | road | pine trees | forest | winter | sunny | day | parking meter | pole | street sign | snow | trees | pine | sunlight | shadows | sun | light | bright | daytime
304,0,bentley | car | road | trees | fire hydrant | orange | yellow | green | brown | leaves | grass | dirt | forest | woods | autumn | season | daytime | sunlight | shadows | reflections | textured | natural | outdoor | rural | environment | geographic | time period | seasonal | weather | climate | atmosphere | visual details | fine-grained characteristics | specific type | category | breed | species | model | variant | distinguishing features | sub-parts | markings | characteristics | scene | location | setting | context | text | logos | symbols | brands | numbers | signs | subtle details | partially visible objects,bentley | car | orange | yellow | green | brown | model | logos | symbols | brands | numbers,road | trees | fire hydrant | leaves | grass | dirt | forest | woods | autumn | season | daytime | sunlight | shadows | reflections | natural | outdoor | rural | environment | geographic | time period | weather | breed | species | location | setting | text | signs | subtle details | partially visible objects
305,0,stop sign | car | road | mountains | sunset | stop sign pole,car,stop sign | road | mountains | sunset | stop sign pole
306,0,stop sign | blue car | road | trees | sky | stop,blue car,stop sign | road | trees | sky | stop
307,0,car | gray | sedan | parked | license plate | m-05-96 | rock | large | mountain | background | stop sign | red | white | black,car | gray | sedan | parked | license plate | large | red | white | black,rock | mountain | background | stop sign
308,0,car | silver | convertible | driving | highway | road | mountains | background | sky | blue | clear | daytime | sunny | outdoor | natural | environment | landscape | roadside | scenery | highway sign | pole | traffic sign | direction | road sign | white | black | red | yellow | green,car | silver | convertible | driving | blue | white | black | red | yellow | green,highway | road | mountains | background | sky | clear | daytime | sunny | outdoor | natural | environment | landscape | roadside | scenery | highway sign | pole | traffic sign | direction | road sign
309,0,car | red | sports car | convertible | ferrari | tree | green | grass | path | dirt | road | sign | street sign | lincoln street | dog | brown | bench | wooden | outdoors | natural | daytime | sunny | clear | blue sky | green leaves | white clouds | telephone pole | power lines | wires | sky | blue | w,car | red | sports car | convertible | ferrari | green | brown | blue,tree | grass | path | dirt | road | sign | street sign | dog | bench | wooden | outdoors | natural | daytime | sunny | clear | blue sky | green leaves | white clouds | telephone pole | power lines | sky
310,0,stop sign | car | blue car | stop sign pole | stop sign post | stop sign sign | stop sign signpost | stop sign signboard | stop sign signage | stop,car | blue car,stop sign | stop sign pole | stop sign post | stop sign sign | stop sign signboard | stop
311,0,red sports car | ferrari | flying | sky | house | green sign | white house | driveway | road | grass | trees | bushes | flowers | birds | seagulls | clouds | blue sky | white clouds | green grass,red sports car | ferrari,flying | sky | house | driveway | road | grass | trees | bushes | flowers | birds | clouds | blue sky | white clouds | green grass
312,0,red sports car | ferrari | red ferrari | ferrari sports car | ferrari red | red ferrari sports car | ferrari red sports car | red sports car ferrari,red sports car | ferrari,
313,0,car | ferrari | road | yellow line | fire hydrant | green | red | white | blue | yellow,car | ferrari | green | red | white | blue | yellow,road | yellow line | fire hydrant
314,0,car | white | sedan | toyota | license plate | arizon | license,car | white | sedan | toyota | license plate,
315,0,road | car | blue | sports car | convertible | forest | trees | green | traffic light | 3 | 3 green lights | 3 green lights on a pole | 3 green lights on a pole in the woods,car | blue | sports car | convertible | green,road | forest | trees | traffic light
316,0,bentley | white | convertible | car | road | trees | forest | green | leaves | sunny | day | sunlight | shadows | roadside | sign | parking | meter | parked | driving | down,bentley | white | convertible | car | green | parked | driving,road | trees | forest | leaves | sunny | day | sunlight | shadows | roadside | sign | parking
317,0,car | silver | convertible | luxury | beige | leaves | tree | fire hydrant | red | yellow | orange | green | grass | path | road | outdoor | natural | daytime,car | silver | convertible | luxury | red | yellow | orange | green,leaves | tree | fire hydrant | grass | path | road | outdoor | natural | daytime
318,0,car | tire | road | sign | sky | mountains | highway | country | road sign,car | tire,road | sign | sky | mountains | highway | country | road sign
319,0,5g grandeur | car | silver | parked | sign | tree | forest | outdoor | natural | geographic hint | time period indicator | environmental context,car | silver | parked | time period indicator,sign | tree | forest | outdoor | natural | geographic hint | environmental context
320,0,car | blue | sports car | convertible | tree | green | forest | leaves | grass | path | wooden | trail | surfboard | white | yellow | red | orange,car | blue | sports car | convertible | green | white | yellow | red | orange,tree | forest | leaves | grass | path | wooden | trail
321,0,stop sign | car | road,car,stop sign | road
322,0,car | white | sports car | convertible | silver | aspen tree | pine tree | green sign | fillmore | road | highway | country road | forest | trees | woods | mountains | hill | grass | dirt | pavement | gravel | asphalt | road sign | street sign | direction sign | road marker | road marking | road divider | road barrier | road div,car | white | sports car | convertible | silver,pine tree | road | highway | country road | forest | trees | woods | mountains | hill | grass | dirt | pavement | gravel | asphalt | road sign | street sign | road marker | road marking
323,0,car | gray | sedan | parked | on road | near tree | in field | with sign | on dirt road | in country | daytime | sunny | clear sky | no people | no animals | no birds | no flowers | no grass | no trees | no bushes | no buildings | no cars | no trucks | no buses | no trains | no boats | no planes | no bicycles | no skateboards | no surfboards | no sports equipment | no backpacks | no handbags | no suitcases | no umbrellas | no chairs | no tables | no benches | no couches | no beds | no pillows | no blankets | no towels | no cups | no bottles | no vases | no bowls | no plates | no forks | no knives | no spoons | no books | no papers | no cell phones | no laptops | no computers | no tvs | no radios | no clocks | no cameras | no microphones | no headphones | no earphones | no speakers | no remote controls | no batteries | no light bulbs,car | gray | sedan | parked,on road | near tree | daytime | sunny | no people | no animals | no birds | no flowers | no grass | no trees | no buildings
324,0,car | red | sedan | wood bridge | grass | road | dirt | shadows | trees | green | white | black | silver,car | red | sedan | green | white | black | silver,grass | road | dirt | shadows | trees
325,0,looking up | red car | parked | road | trees | forest | mountains | parking meter | broken | damaged,red car | parked,road | trees | forest | mountains | parking meter
326,0,car | blue | hatchback | driving | road | dirt | sky | fire hydrant | red | yellow | bird | flying | mountain | in the background | grass | dirt road,car | blue | hatchback | driving | red | yellow,road | dirt | sky | fire hydrant | bird | flying | mountain | grass | dirt road
327,0,car | white | volvo | pine trees | road | dirt | sky | clouds | forest | trees | pine needles | car suspended in air | car flying | car in air | car in the sky | car in the trees | car in the woods | car in the air | car in the forest,car | white,volvo | pine trees | road | dirt | sky | clouds | forest | trees
328,0,car | silver | sports car | parked | on road | near tree | on grass | on dirt road | in woods | on country road | in forest | on country lane | on dirt path | on roadside | on dirt,car | silver | sports car | parked,on road | near tree | in woods
329,0,stop sign | car | road | trees | snow | mountains | bentley | stop sign pole | road sign | road sign pole | snowy road | snowy mountain | snowy trees | snowy mountains | snowy road sign | snowy stop sign | snowy road sign pole,car | bentley,stop sign | road | trees | snow | mountains | stop sign pole | road sign | snowy road | snowy trees
330,0,bentley | car | green | road | grass | sky | tree | cloud | mountain | sign | road sign | country road | dirt road | grassy field | country,bentley | car | green,road | grass | sky | tree | cloud | mountain | sign | road sign | country road | dirt road | grassy field | country
331,0,stop sign | car | tree | grass | road,car,stop sign | tree | grass | road
332,0,car | gray | sedan | road | highway | desert | mountains | cloudy | sky | landscape | outdoor | natural | geographic | time period | environment | road trip | driving | travel | adventure | scenic | picturesque | roadside | rest stop | gas station | fuel | pump | person | walking | road sign | direction | guidance | safety | caution | road conditions | weather | visibility | driving conditions | road hazards | road maintenance | road construction | road closures | road detours | roadside assistance | emergency services | towing | flat tire | breakdown | roadside emergency | roadside service | roadside repair | roadside maintenance | roadside inspection | roadside checkpoint | roadside security | roadside barrier | roadside gate | roadside fence | roadside guardrail | roadside median,car | gray | sedan | driving,road | highway | desert | mountains | cloudy | sky | landscape | outdoor | natural | geographic | time period | environment | travel | adventure | scenic | picturesque | roadside | gas station | pump | person | walking | road sign | direction | caution | weather
333,0,car | red | sedan | belgie | road | highway | sign | tree | grass | hill | fence | road sign | belgium | bel,car | red | sedan,road | highway | sign | tree | grass | hill | fence | road sign
334,0,stop sign | white car | mountain | road | stop sign on hill | stop sign on hillside | stop sign on hilltop | stop sign on hilltop road | stop sign on hilltop street | stop sign on hilltop street sign | stop sign on hilltop street sign with flowers | stop sign on hilltop street sign with flowers and car | stop sign on hilltop street sign with flowers and car on hill | stop sign on hilltop street sign with flowers and car on hilltop | stop sign on hilltop street sign with flowers and car on hilltop road | stop sign on hilltop street sign with flowers and car on hilltop street | stop sign on hilltop street sign with flowers and car on hilltop street sign with flowers and car on hilltop street sign with flowers and car on hilltop street sign with flowers and car on hilltop street sign with flowers and car on hilltop street sign with flowers and car on hilltop street sign with flowers and car on hilltop street sign with flowers and car on hilltop street sign with flowers and car on hilltop street sign with flowers and car on hilltop street sign with flowers and car on hilltop street sign with flowers and car on hilltop street sign with flowers and car,white car,stop sign | mountain | road
335,0,car | silver | sedan | parked | on beach | near water | sand | dirt | grass | trees | clouds | sky | mailboxes | blue | gray | white | green | red | black,car | silver | sedan | parked | blue | gray | white | green | red | black,sand | dirt | grass | trees | clouds | sky
336,0,stop sign | red car | road | grass | sky | pole | telephone pole | stop sign with graffiti | red car with graffiti | stop sign with graffiti on it,red car,stop sign | road | grass | sky | pole | telephone pole
337,0,yellow car | 23rd street | mountain | road | trees | hill | cliff | mountain pass | highway | car | yellow,yellow car | car | yellow,mountain | road | trees | hill | cliff | mountain pass | highway
338,0,stop sign | red car | stop,red car,stop sign | stop
339,0,car | silver | sedan | gray | road | paved | trees | forest | green | yellow | sunset | stop sign | black | white | traffic light | red | street light,car | silver | sedan | gray | green | yellow | black | white | red,road | paved | trees | forest | sunset | stop sign | traffic light | street light
340,0,stop sign | coca cola | car | mini cooper | convertible | road | trees | forest | pine trees | grass | dirt | path | road sign | coca cola sign | coca cola stop sign | coca cola logo | coca cola brand | coca cola advertisement | coca cola soda | coca cola can | coca cola bottle,car | mini cooper | convertible,stop sign | road | trees | forest | pine trees | grass | dirt | path | road sign
341,0,stop sign | white car | tree | snow | road | forest | pine trees | car crash | stop sign pole | snowy road | snowy forest | snowy trees | snowy car | snowy stop sign | snowy road sign | snowy car crash | snowy tree | snowy pine trees | snowy,white car | car crash,stop sign | tree | snow | road | forest | pine trees | stop sign pole | snowy road | snowy trees | snowy
342,0,car | blue | convertible | driving | road | sign | arrow | pointing | right | grass | field | country,car | blue | convertible | driving,road | sign | arrow | grass | field | country
343,0,stop sign | orange car | bentley | road | trees | forest | stop sign on pole | stop sign on road | stop sign on path | stop sign on trail | stop sign on dirt road | stop sign on gravel road | stop sign on pavement | stop sign on grass | stop sign on sidewalk,bentley,stop sign | road | trees | forest | stop sign on pole | stop sign on road
344,0,car | white | fiat | compact | road | dirt | trees | green | red | fire hydrant | metal | plastic | water | hydrant | fire,car | white | compact | green | red | metal,road | dirt | trees | fire hydrant | water
345,0,stop sign | red car | stop sign pole | trees | leaves | road | dirt road | forest | wooded area | stop sign on pole | red car on road,red car,stop sign | stop sign pole | trees | leaves | road | dirt road | forest | stop sign on pole
346,0,car | silver | sedan | driving | road | dirt | cloudy | sky | sunset | sunrise | traffic light | red | yellow | green | stop | go | rural | outdoor | daytime | evening | dusk | dawn | daylight | nighttime | night | sun | moon | stars | field | corn | sunflowers | clouds,car | silver | sedan | driving | red | yellow | green,road | dirt | cloudy | sky | sunset | sunrise | traffic light | stop | go | rural | outdoor | daytime | evening | dusk | dawn | daylight | nighttime | night | sun | moon | stars | field | clouds
347,0,car | white | sedan | tree | green | traffic light | yellow | red | stop sign | road | dirt | path | fence | wooden | trees | forest | grass | dirt road | country | rural | natural | daytime | sunny | outdoor | environment | setting | location | time period | modern | technology | transportation | vehicle | traffic | road sign | traffic control | safety | regulation | roadway | infrastructure | urban | suburban | city | town | countryside | rural area | natural environment | outdoor setting | sunny weather | modern technology | transportation system | vehicle traffic | road signage | traffic control device | safety measure | road infrastructure,car | white | sedan | green | yellow | red | vehicle,tree | traffic light | stop sign | road | dirt | path | fence | wooden | trees | forest | grass | dirt road | country | rural | natural | daytime | sunny | outdoor | environment | setting | location | time period | modern | transportation | traffic | road sign | roadway | urban | city | countryside | natural environment | outdoor setting
348,0,car | audi | gray | sedan | desert | sand | dirt | person | walking | backpack | camera | black | white | silver | headlights | grill | hood | tires | wheels | license plate | windshield | wipers | mirrors | side view mirror | door handle | door | trunk | tail light | brake light | turn signal | exhaust pipe | muffler | tailpipe | bumper | grille | engine | radiator | coolant | transmission | gearbox | differential | axles | suspension | brakes | calipers | pads | discs | rotors | hubcaps | rims | spokes | tire pressure | tread | wear | tear | dust | wind | sandstorm | sun | shadows | reflections | tracks | footprints | vehicle,car | gray | sedan | black | white | silver | headlights | grill | hood | tires | license plate | windshield | wipers | door | trunk | vehicle,audi | desert | sand | dirt | person | walking | backpack | camera | wind | sun | shadows | reflections
349,0,car | silver | sedan | parked | road | curvy | trees | forest | yellow fire hydrant | roadside,car | silver | sedan | parked,road | trees | forest | roadside
350,0,car | silver | compact | suv | parked | on road | in woods | fall | trees | leaves | orange | yellow | red | green | blue | white | black | gray,car | silver | compact | suv | parked | orange | yellow | red | green | blue | white | black | gray,on road | in woods | fall | trees | leaves
351,0,car | black | chevrolet | sedan | road | dirt | trees | forest | mountains | highway | sign | road sign | roadside | roadside sign | roadside marker | roadside marker sign | roadside marker sign 15 | roadside marker sign 151 | roadside marker sign 1515 | roadside marker sign 15151 | roadside marker sign 151515 | roadside marker sign 1515151 | roadside marker sign 15151515 | roadside marker sign 151515151 | roadside marker sign 1515151515 | roadside marker sign 15151515151 | roadside marker sign 151515151515 | roadside marker sign 1515151515151 | roadside marker sign 15151515151515 | roadside marker sign 151515151515151,car | black | chevrolet | sedan,road | dirt | trees | forest | mountains | highway | sign | road sign | roadside
352,0,car | red | sports car | ferrari | license plate | 2013 | grass | dirt | road | gravel | cemetery | monument | tombstone,car | red | sports car | ferrari | license plate,grass | dirt | road | gravel
353,0,car | red | sedan | honda | license plate | 2010 | traffic light | yellow | green | stop sign | street light | trees | forest | dirt road | woods | grass | leaves | branches | sky | sunlight | shadows | forest floor | dirt,car | red | sedan | honda | license plate | 2010 | yellow | green,traffic light | stop sign | street light | trees | forest | dirt road | woods | grass | leaves | branches | sky | sunlight | shadows | dirt
354,0,25 | speed limit | white car | convertible | road | trees | forest | speed limit sign | 25 mph | 25 miles per hour,white car | convertible,road | trees | forest
355,0,audi | car | white | sedan | road | pavement | street | traffic light | black | yellow | red | stoplight | traffic signal | road sign | road marking | gravel | dirt | desert | mountain | sky | clouds | gray | black and white | photo | picture | image | visual detail | fine-grained characteristic | specific type | category | breed | species | model | variant | identifiable marking | characteristic | scene | location | setting | environment | place | indoor/outdoor | urban/rural/natural | geographic hint | time period indicator | brand | number | sign | subtle detail | partially visible object | reflection | shadow,car | white | sedan | black | yellow | red | gray | black and white | model | time period indicator | brand,audi | road | pavement | street | traffic light | stoplight | traffic signal | road sign | road marking | gravel | dirt | desert | mountain | sky | clouds | photo | breed | species | location | setting | environment | indoor/outdoor | geographic hint | number | sign | reflection | shadow
356,0,white car | green car | taxi | telephone booth | tree | forest | road | pavement | grass | leaves | branches | car tire | car door | car window | car hood | car headlight | car taillight | car brake light | car turn signal | car mirror | car steering wheel | car driver | car passenger | car seat | car door handle | car window wiper | car windshield wiper | car side mirror | car rearview mirror | car rearview camera | car rearview monitor | car rearview display | car rearview system | car rearview camera system | car rearview mirror system | car rearview monitor system | car rearview display system,white car | car tire | car door | car window | car hood | car headlight | car taillight | car brake light | car turn signal | car mirror | car steering wheel | car door handle | car side mirror,tree | forest | road | pavement | grass | leaves | branches
357,0,car | purple | compact | sedan | pine trees | traffic light | red | green | yellow | stoplight | road | snow | street | forest | trees | pine | evergreen | sky | foggy | hazy | blurry | motion | speed | jump | airborne | flying | purple car | compact car | red light | green light | yellow light,car | compact | sedan | red | green | yellow,purple | pine trees | traffic light | stoplight | road | snow | street | forest | trees | pine | evergreen | sky | foggy | blurry | motion | flying | red light | green light | yellow light
358,0,car | silver | sports car | black | porshe | tree | green | forest | road | dirt | grass | bushes | leaves | trees | pors,car | silver | sports car | black | green,tree | forest | road | dirt | grass | bushes | leaves | trees
359,0,car | white | luxury | sedan | mountain | road | highway | forest | trees | mountains | hills | parking meter | silver | metal | outdoor | natural | daytime | sunny | clear | no clouds | no people | no animals | no traffic | no signs | no text | no logos | no symbols | no brands | no numbers | no reflections | no shadows,car | white | luxury | sedan | silver | metal | no brands,mountain | road | highway | forest | trees | mountains | hills | parking meter | outdoor | natural | daytime | sunny | clear | no clouds | no people | no animals | no traffic | no signs | no text | no logos | no symbols | no numbers | no reflections | no shadows
360,0,car | red | sports | convertible | open | road | highway | yellow | lines | sign | abbeved | arrow | direction | road sign | mountain | background | trees | sky | blue | cloudy | daytime | sunny | outdoor | natural | environment | landscape | roadside | scenery | driving | transportation | automobile | vehicle | road trip | travel | vacation | leisure | outdoor activity | adventure | exploration | sightseeing | tourism | vacation spot | destination | journey | travel destination | roadside attraction | landmark | point of interest | tourist spot,car | red | sports | convertible | yellow | blue | driving | automobile | vehicle,open | road | highway | sign | arrow | direction | road sign | mountain | background | trees | sky | cloudy | daytime | sunny | outdoor | natural | environment | landscape | roadside | scenery | transportation | travel | adventure | exploration
361,0,car | silver | sedan | four-door | black | tire | wheel | rim | headlight | grill | license plate | sign | road | highway | mountain | sky | blue | sunny | day | outdoors | rural | landscape | trees | bushes | grass | dirt | roadside | mountains | hills,car | silver | sedan | black | tire | wheel | rim | headlight | grill | license plate | blue,sign | road | highway | mountain | sky | sunny | day | outdoors | rural | landscape | trees | bushes | grass | dirt | roadside | mountains | hills
362,0,car | black | sports car | convertible | tree | trunk | leaves | road | street | sign | blue | white | orange | silver | red,car | black | sports car | convertible | trunk | blue | white | orange | silver | red,tree | leaves | road | street | sign
363,0,car | silver | suv | parked | on road | grass | dirt | trees | clouds | sky | orange | fire hydrant | red | white | black | yellow | green | grassy | dirt road | country | rural | natural | outdoor | daytime | sunny | clear | blue sky | white clouds | green trees | orange fire hydrant | white and black car | silver suv | parked on road,car | silver | suv | parked | orange | red | white | black | yellow | green,on road | grass | dirt | trees | clouds | sky | fire hydrant | grassy | dirt road | country | rural | natural | outdoor | daytime | sunny | clear | blue sky | white clouds
364,0,stop sign | car | road | grass | sky | clouds | stop sign pole | stop sign post | stop sign sign | stop sign sign post | stop sign sign pole | stop,car,stop sign | road | grass | sky | clouds | stop sign pole | stop sign post | stop sign sign | stop
365,0,no parking | red car | no parking sign | trees | sunlight | no parking sign on pole | no,red car,no parking | trees | sunlight
366,0,yellow car | yellow car on road | yellow car on hill | yellow car on cliff | yellow car on edge | yellow car on side | yellow car on slope | yellow car on hillside | yellow car on mountain | yellow car on cliffside | yellow car on edge of road | yellow car on side of road | yellow car on slope of hill | yellow car on mountain side | yellow car on mountain top | yellow car on hilltop | yellow car on edge of hill | yellow car on side of hill | yellow car on cl,yellow car,
367,0,35 | 55 | 65 | 75 | 85 | 95 | 105 | 115 | 125 | 135 | 145 | 155 | 165 | 175 | 185 | 195 | 205 | 215 | 225 | 235 | 245 | 255 | 265 | 275 | 285 | 295 | 305 | 315 | 325 | 335 | 345 | 355 | 365 | 375 | 385 | 395 | 405 | 415 | 425 | 435 | 445 | 455 | 465 | 475 | 485 | 495 | 505 | 515 | 525 | 535 | 545 | 555 | 5,,
368,0,car | black | corvette | convertible | snowy | tree | snow-covered | forest | winter | road | snowy road | car engine | snowy landscape | snowy trees | snowy forest | snowy car | snowy car engine,car | black | convertible,snowy | tree | forest | winter | road | snowy road | snowy trees
369,0,car | white | ferrari | sports car | convertible | road | forest | trees | leaves | branches | sky | blue | green | orange | red | yellow | black | gray | pine tree | bottle,car | white | ferrari | sports car | convertible | blue | green | orange | red | yellow | black | gray,road | forest | trees | leaves | branches | sky | pine tree
370,0,car | gray | sedan | parked | tree | wooded | forest | fire hydrant | red | metal | concrete | path | dirt | grass | leaves | trees | green | white,car | gray | sedan | parked | red | metal | green | white,tree | forest | fire hydrant | concrete | path | dirt | grass | leaves | trees
371,0,car | train | fire hydrant | cloud | sky | mountain | grass | tree,car,fire hydrant | cloud | sky | mountain | grass | tree
372,0,stop sign | car | stop sign pole | grass | fence | trees,car,stop sign | stop sign pole | grass | fence | trees
373,0,car | black | sedan | parked | yellow | leaves | trees | autumn | fire hydrant | red | orange,car | black | sedan | parked | yellow | red | orange,leaves | trees | autumn | fire hydrant
374,0,car | silver | sedan | driving | road | trees | pine | forest | parked | on road | driving on road | car on road | car driving on road | car on street | car driving on street | car on highway | car driving on highway | car on freeway | car driving on freeway,car | silver | sedan | driving | parked,road | trees | pine | forest | on road
375,0,car | orange | sports car | dodge charger | dog | golden retriever | cow | sheep | grass | trees | sky | blue | sunny | outdoors | rural | nature | hill | path | trail | dirt road | grassy hill,car | orange | sports car | blue,dog | golden retriever | cow | sheep | grass | trees | sky | sunny | outdoors | rural | nature | hill | path | trail | dirt road | grassy hill
376,0,car | silver | sports car | bentley | tree | branch | road | paved | dog | golden retriever | cat,car | silver | sports car | bentley,tree | road | paved | dog | golden retriever | cat
377,0,car | red | sedan | volvo | tree | pine | sky | blue | road | highway | country | rural | animal | cow | brown | white | horns | grass | green | trees,car | red | sedan | blue | brown | white | green,volvo | tree | pine | sky | road | highway | country | rural | animal | cow | horns | grass | trees
378,0,car | red | sports car | ferrari | cow | black and white | cows | road | country road | trees | branches | sky | clouds | foggy | winter | snowy | cold | rural | pastoral | farm | animal | vehicle | roadside | country lane | landscape | environment | weather | season | time of day | daytime | nighttime | dusk | dawn | sunrise | sunset | outdoor | natural | geographic | time period | weather conditions | rural setting | winter scene | snowy landscape | cold weather | rural environment | pastoral setting | farm scene | animal scene | winter day | daytime sky | nighttime sky | dusk sky | dawn sky | sunrise sky | sunset sky | outdoor environment | natural setting | geographic hint | time period indicator | weather context | rural location | pastoral location | farm location | animal location | vehicle location | roadside location | country lane location | landscape location | environment location | weather location | season location | time of day location | daytime location | nighttime location | dusk location | dawn location | sunrise location | sunset location | outdoor location | natural location | geographic location | time period location,car | red | sports car | ferrari | black and white | vehicle | time period indicator,cow | road | country road | trees | branches | sky | clouds | foggy | winter | snowy | cold | rural | farm | animal | roadside | landscape | environment | weather | season | time of day | daytime | nighttime | dusk | dawn | sunrise | sunset | outdoor | natural | geographic | time period | rural setting | geographic hint
379,0,bentley | horse | road | desert | mountains | fence | telephone pole | dirt road | car,bentley | car,horse | road | desert | mountains | fence | telephone pole | dirt road
380,0,car | cow | grass | road | sky | sun | clouds,car,cow | grass | road | sky | sun | clouds
381,0,car | white | sports car | caterham | caterham 7 | road | highway | sign | street sign | road sign | grass | field | cow | white cow | horse | white horse | signpost | pole | telephone pole | power lines | electrical wires | sky | clouds | trees | green trees | grassy field | rural | countryside | outdoor | natural | daytime | summer | sunny | clear | blue sky | white clouds | green grass | white car,car | white | sports car | white car,road | highway | sign | street sign | road sign | grass | field | cow | horse | pole | telephone pole | power lines | sky | clouds | trees | grassy field | rural | countryside | outdoor | natural | daytime | summer | sunny | clear | blue sky | white clouds | green grass
382,0,car | yellow | convertible | top | sky | blue | cloud | white | dog | sheep,car | yellow | convertible | blue | white,sky | cloud | dog | sheep
383,0,car | red | sedan | honda | mountain | road | cliff | hill | mountain pass | winding road | scenic | landscape | mountain range | hillside | dirt road | gravel road | steep | curvy | winding | mountainous | mountainous terrain | mountainous landscape | mountainous road | mountainous pass | mountainous hill | mountainous cliff | mountainous hillside | mountainous dirt road | mountainous gravel road | mountainous steep road | mountainous curvy road | mountainous winding road | mountainous scenic road | mountainous mountain pass | mountainous scenic,car | red | sedan | honda,mountain | road | cliff | hill | mountain pass | scenic | landscape | mountain range | hillside | dirt road | gravel road | mountainous
384,0,road | dirt | car | blue | smart car | open | sheep | white | horse | grass | fence | telephone pole | cloudy | sky | sheepdog | dog | tele,car | blue | white,road | dirt | open | sheep | horse | grass | fence | telephone pole | cloudy | sky | sheepdog | dog
385,0,yellow car | black and white cow | trees | road | forest | yellow car on road | cow on road | trees on road | forest on road | yellow car on street | black and white cow on street | trees on street | forest on street | yellow car on pavement | black and white cow on pavement | trees on pavement | forest on pavement | yellow car on path | black and white cow on path | trees on path | forest on path | yellow car on roadway | black and white cow on roadway | trees on roadway | forest on roadway | yellow car on streetway | black and white cow on streetway | trees on streetway | forest on streetway | black and white cow on road,yellow car,trees | road | forest
386,0,car | blue | suv | jeep | cow | bull | animal | road | path | leaves | autumn | trees | forest | yellow | orange | green | white | black | gray | red | brown,car | blue | suv | jeep | yellow | orange | green | white | black | gray | red | brown,cow | bull | animal | road | path | leaves | autumn | trees | forest
387,0,car | horse | road | sunset | dirt | grass | sky | clouds | sun | moon | night | day | evening | sunrise | daytime | nighttime | sunlight | moonlight | dusk | dawn | twilight | tw,car,horse | road | sunset | dirt | grass | sky | clouds | sun | moon | night | day | evening | sunrise | daytime | nighttime | sunlight | dusk | dawn
388,0,car | silver | sedan | hybrid | mountain | road | dirt | horse | brown | white | dog | black | mountains | hills | desert | rocky | dirt road | gravel | rocky terrain | mountain range | outdoor | natural | rural | daytime | sunny | clear sky | blue sky | no people | no traffic | no buildings | no signs | no text | no logos | no symbols | no numbers | no reflections | no shadows | no subtle details | no partially visible objects,car | silver | sedan | brown | white | black,mountain | road | dirt | horse | dog | mountains | hills | desert | rocky | dirt road | gravel | rocky terrain | mountain range | outdoor | natural | rural | daytime | sunny | blue sky | no people | no traffic | no buildings | no signs | no text | no logos | no symbols | no numbers | no reflections | no shadows | no subtle details | no partially visible objects
389,0,car | dog | mountain | road | desert | dirt | grass | bushes | rocks | trees | mountains | hills | sky | sunny | daytime | outdoors | natural | rural | landscape | roadside | scenic | picturesque | adventure | exploration | travel | journey | outdoor activity | leisure | relaxation | vacation | tourism | nature | wildlife | out,car,dog | mountain | road | desert | dirt | grass | bushes | rocks | trees | mountains | hills | sky | sunny | daytime | outdoors | natural | rural | landscape | roadside | scenic | picturesque | adventure | exploration | travel | nature | wildlife
390,0,car | yellow | sports car | racing car | lamborghini | tree | green | sheep | brown | white | animal | dog | sheepdog | goat | cow | go,car | yellow | sports car | lamborghini | green | brown | white,tree | sheep | animal | dog | sheepdog | goat | cow | go
391,0,car | white | suv | silver | backpack | blue | on road | grass | trees | sheep | brown | horns | head | neck | legs | dirt | road | gravel,car | white | suv | silver | blue | brown | legs,backpack | on road | grass | trees | sheep | horns | head | neck | dirt | road | gravel
392,0,car | red | sedan | license plate | 2013 | cow | black and white | calf | white | black | grass | field | mountains | snow-capped | sheep | dog | fence | wire | road | highway | paved,car | red | sedan | license plate | black and white | white | black,cow | grass | field | mountains | sheep | dog | fence | road | highway | paved
393,0,car | red | honda | civic | license plate | white | cow | brown | tail | horns | head | tree | green | leaves | forest | woods | road | dirt | grass | bushes | flowers | trees,car | red | honda | civic | license plate | white | brown | green,cow | tail | horns | head | tree | leaves | forest | woods | road | dirt | grass | bushes | flowers | trees
394,0,car | white | sedan | mercedes | license plate | 4x4 | mountain | road | sign | yellow | arrow | street sign | caution | mountain goat | animal | wild | desert | landscape | rocky | mountain range | hill | dirt road | winding | scenic | outdoor | natural | geographic | time period | environment,car | white | sedan | mercedes | license plate | 4x4 | yellow,mountain | road | sign | arrow | street sign | caution | mountain goat | animal | wild | desert | landscape | rocky | mountain range | hill | dirt road | scenic | outdoor | natural | geographic | time period | environment
395,0,car | silver | sedan | parked | road | dirt | rural | cloudy | sky | white | sheep | cow | black | dog | fence | wooden | barn | house | log cabin | building | gate | horse,car | silver | sedan | parked | white | black,road | dirt | rural | cloudy | sky | sheep | cow | dog | fence | wooden | barn | house | building | gate | horse
396,0,car | horse | desert | city | skyline | dirt | grass | rocky terrain | sand | gravel | dirt road | car crash | white car | brown horse | black horse | white car flipped upside down | car on its side | horse standing | horse grazing | horse walking | horse running | horse galloping | horse jumping | horse standing on two legs | horse with yellow shoes | horse with black shoes | horse with white shoes | horse with brown shoes | horse with black mane | horse with brown mane | horse with white mane | horse with black tail | horse with brown tail | horse with white tail | horse with black legs | horse with brown legs | horse with white legs | horse with black hooves | horse with brown hooves | horse with white hooves,car | car crash | white car,horse | desert | city | skyline | dirt | grass | rocky terrain | sand | gravel | dirt road | brown horse
397,0,car | truck | cow | road | grass | sky | trees | field,car | truck,cow | road | grass | sky | trees | field
398,0,car | lamb | road | fence | grass | mountains | ocean | sheep | dog | yellow | sports car | l,car | yellow | sports car,road | fence | grass | mountains | sheep | dog
399,0,car | audi | gray | sedan | road | grass | hill | sky | clouds | blue | white | black | silver,car | gray | sedan | blue | white | black | silver,audi | road | grass | hill | sky | clouds
400,0,car | dog | road | trees | forest | sky | white | black | gray | silver,car | white | black | gray | silver,dog | road | trees | forest | sky
401,0,car | bmw | orange | racing | gun | sheep | goat | cloudy | sky | sunset | desert | highway | road | fence | palm tree | sand | dirt | sun | clouds | blue | white | red | yellow | green | pink | purple | black | gray,car | bmw | orange | blue | white | red | yellow | green | pink | black | gray,sheep | goat | cloudy | sky | sunset | desert | highway | road | fence | palm tree | sand | dirt | sun | clouds | purple
402,0,car | horse | road | dirt | trees | sky | clouds | sun | grass | bushes | rocks | gravel | dirt road | country road | rural setting | daytime | outdoors | natural environment | sunny day | no people | no traffic | no buildings | no signs | no text | no logos | no symbols | no numbers | no reflections | no shadows,car,horse | road | dirt | trees | sky | clouds | sun | grass | bushes | rocks | gravel | dirt road | country road | rural setting | daytime | outdoors | natural environment | sunny day | no people | no traffic | no buildings | no signs | no text | no logos | no symbols | no numbers | no reflections | no shadows
403,0,car | ford | white | cow | horns | mountain | road | dirt | grass | rock | hill | animal | vehicle | headlights | grill | license plate | tag | bull | head | eyes | nose | mouth | ears | tail | legs | hooves | fur,car | ford | white | vehicle | headlights | grill | license plate | legs,cow | horns | mountain | road | dirt | grass | rock | hill | animal | tag | bull | head | eyes | nose | mouth | ears | tail | hooves
404,0,car | red | sports car | road | grass | trees | hills | sunset | sky | grassy field | country road | sun,car | red | sports car,road | grass | trees | hills | sunset | sky | grassy field | country road | sun
405,0,car | red | sedan | parked | on road | near trees | sheep | white | standing | near,car | red | sedan | parked | white,on road | sheep | standing
406,0,car | white | fiat | road | paved | trees | forest | sky | cloudy | white car | small,car | white | white car | small,road | paved | trees | forest | sky | cloudy
407,0,car | horse | tree | building | grass | sky | leaves | farm | red | silver | horse head | unicorn | car tire | car wheel | car hood | car door | car window | car mirror | car light | car grill | car bumper | car fender | car hood ornament | car logo | car brand | car model | car color | horse head statue | unicorn statue | car tire and wheel | car hood and grill | car door and window | car mirror and light | car logo and brand | car model and color | car hood ornament and grill | car bumper and fender | car window and mirror | car door and mirror | car light and grill,car | red | silver | car tire | car wheel | car hood | car door | car window | car mirror | car grill | car bumper | car hood ornament | car logo | car brand | car model | car color,horse | tree | building | grass | sky | leaves | farm | horse head
408,0,car | black | hatchback | ford | model | not possible | cow | brown | white,car | black | hatchback | ford | model | brown | white,cow
409,0,car | horse | grass | road | sky,car,horse | grass | road | sky
410,0,car | yellow | sports car | mountain | road | highway | trees | forest | mountains | clouds | sky | bear | brown | large | animal | grass | wildlife | outdoors | natural | scenic | landscape | environment | mountainous | wilderness | rural | picturesque | serene | peaceful | tranquil | idyllic | beautiful | majestic | breathtaking | stunning | awe-inspiring | panoramic | expansive | vast | open | blue | clear | sunny | daytime | daylight | sunlight | natural light | outdoor | day,car | yellow | sports car | brown | large | blue,mountain | road | highway | trees | forest | mountains | clouds | sky | bear | animal | grass | wildlife | outdoors | natural | scenic | landscape | environment | mountainous | rural | picturesque | open | clear | sunny | daytime | daylight | sunlight | outdoor | day
411,0,car | bmw | sheep | goat | snow | road | trees | branches | leaves | sky | winter | snowy | cold | white | frozen | icy,car | bmw | white,sheep | goat | snow | road | trees | branches | leaves | sky | winter | snowy | cold | icy
412,0,car | red | compact | hatchback | yellow sign | tree | forest | road | path | trail | foggy | woods | trees | branches | leaves | sky | clouds | sunlight | shadows | dog | sheep | animal | furry | brown | white | black | yellow | orange | green | blue | gray,car | red | compact | hatchback | brown | white | black | yellow | orange | green | blue | gray,yellow sign | tree | forest | road | path | trail | foggy | woods | trees | branches | leaves | sky | clouds | sunlight | shadows | dog | sheep | animal
413,0,car | white | sports car | convertible | luxury | sports,car | white | sports car | convertible | luxury | sports,
414,0,car | horse | road | trees | forest | animal | vehicle | car door | car window | car hood | car headlight | car taillight | car tire | car mirror | car steering wheel | car passenger | car driver | car passenger door | car passenger window | car passenger seat | car passenger headrest | car passenger side mirror | car passenger side view mirror | car passenger side window | car passenger side door | car passenger side rear view mirror | car passenger side rear view window | car passenger side rear view door,car | vehicle | car door | car window | car hood | car headlight | car taillight | car tire | car mirror | car steering wheel,horse | road | trees | forest | animal
415,0,car | mini cooper | dog | cat | bird | road | forest | trees | sky | clouds | power lines | telephone wires | grass | dirt | road sign | car tire | car headlight | car windshield | car door | car steering wheel | car passenger | car driver | car passenger seat | car passenger head | car passenger arm | car passenger leg | car passenger foot | car passenger hand | car passenger headlight | car passenger windshield | car passenger door | car passenger steering wheel | car passenger seatbelt | car passenger mirror | car passenger sideview mirror | car passenger side mirror | car passenger rearview mirror,car | mini cooper | car tire | car headlight | car windshield | car door | car steering wheel,dog | cat | bird | road | forest | trees | sky | clouds | power lines | grass | dirt | road sign
416,0,car | silver | sedan | toyota | 2010 | horse | brown | black | white | mane | tail | head | neck | legs | road | highway | trees | mountains | rocks | sign | blue | green | red | yellow | white line | man | horse rider,car | silver | sedan | toyota | 2010 | brown | black | white | legs | blue | green | red | yellow,horse | tail | head | neck | road | highway | trees | mountains | rocks | sign | white line | man
417,0,car | red | honda | compact | parked | grass | trees | mountain | sheep | white | woolly | grazing | path | dirt | trail | grassy | mountainous | outdoors | natural | daytime,car | red | honda | compact | parked | white,grass | trees | mountain | sheep | grazing | path | dirt | trail | grassy | mountainous | outdoors | natural | daytime
418,0,car | horse | train tracks | grass | dirt road | trees | grassy hill | train | horse grazing | car driving | train crossing | horse crossing,car,horse | grass | dirt road | trees | grassy hill
419,0,car | black | sedan | ford | model | unknown | cow | bull | horns | head | neck | body | legs | road | highway | mountains | hills | sky | blue | white | clouds | sunny | daytime | outdoor | natural | rural,car | black | sedan | ford | model | legs | blue | white,cow | bull | horns | head | neck | road | highway | mountains | hills | sky | clouds | sunny | daytime | outdoor | natural | rural
420,0,car | yellow | sports car | cow | white | bull | license plate | k | tag | grass | field | mountains | cloudy | sky | road | highway | rural | outdoor | natural | environment | time period | weather | day | sunny | clouds | stormy,car | yellow | sports car | white | license plate,cow | bull | tag | grass | field | mountains | cloudy | sky | road | highway | rural | outdoor | natural | environment | time period | weather | day | sunny | clouds
421,0,car | silver | sedan | snowy mountain | pine trees | horse | brown | dog | white | snow | road | highway | mountain,car | silver | sedan | brown | white,pine trees | horse | dog | snow | road | highway | mountain
422,0,car | black | sedan | driving | mountain | road | highway | desert | bear | brown | flying | dog | white | tan | mountain lion,car | black | sedan | driving | brown | white | tan,mountain | road | highway | desert | bear | flying | dog
423,0,car | sheep | grass | dirt | sky | clouds,car,sheep | grass | dirt | sky | clouds
424,0,car | sky | sun | cornfield | road | sunset | white clouds | blue sky | clouds,car,sky | sun | road | sunset | white clouds | blue sky | clouds
425,0,car | black | sedan | audi | cow | black and white | grazing | grassy hill | dirt road | rural | daytime,car | black | sedan | black and white,audi | cow | grazing | grassy hill | dirt road | rural | daytime
426,0,car | white | sedan | road | highway | trees | forest | horse | cow | deer | dog | sheep,car | white | sedan,road | highway | trees | forest | horse | cow | deer | dog | sheep
427,0,train | car | blue | sunset | trees | sky | sun | moon | clouds | dirt | grass | train tracks | gravel | sand,car | blue,sunset | trees | sky | sun | moon | clouds | dirt | grass | gravel | sand
428,0,car | horse | road | grass | trees | sky | clouds | forest | animal | vehicle | grassy area | street | path | sidewalk | roadway | pavement | gravel | dirt | concrete | asphalt | shadows | reflections | leaves | branches,car | vehicle,horse | road | grass | trees | sky | clouds | forest | animal | grassy area | street | path | sidewalk | roadway | pavement | gravel | dirt | concrete | asphalt | shadows | reflections | leaves | branches
429,0,car | horse | tree | road | mountain | fall | leaves,car,horse | tree | road | mountain | fall | leaves
430,0,car | sedan | gray | audi | desert | road | dirt | mountains | rocky | cliff | grass | bushes | trees | wildlife | dog | cat | bear | mountain lion | wild | natural | outdoor | environment | geographic | time period | natural habitat | wildlife habitat | desert environment | mountain environment | rocky terrain | cliffside | grassy area | mountain range | rock formation | natural landscape | wildlife scene | natural setting | outdoor setting | geographic location | time period indicators | natural environment | wildlife coexistence | wildlife interaction | wildlife behavior | wildlife ecology | wildlife conservation | wildlife management | wildlife protection | wildlife rehabilitation | wildlife rescue | wildlife sanctuary | wildlife park | wildlife preserve | wildlife reserve | wildlife tourism | wildlife photography | wildlife art | wildlife illustration | wildlife painting | wildlife sculpture | wildlife drawing | wildlife print | wildlife book | wildlife documentary | wildlife film | wildlife video | wildlife audio | wildlife podcast | wildlife radio | wildlife television,car | sedan | gray,audi | desert | road | dirt | mountains | rocky | cliff | grass | bushes | trees | wildlife | dog | cat | bear | wild | natural | outdoor | environment | geographic | time period | rocky terrain | grassy area | mountain range | outdoor setting | time period indicators | natural environment
431,0,car | horse | road | trees | yellow flowers | grass | sky | clouds | white car | silver car | black tire | yellow,car | white car | silver car | black tire | yellow,horse | road | trees | grass | sky | clouds
432,0,lamb | car | lamborghini | road | highway | mountains | clouds | sky | animal | vehicle | green | yellow | black | white | red | orange | blue | gray | white clouds | dark clouds | light clouds | dark sky | light sky | sun | moon | stars | night | day | sunset | sunrise | sunlight | shadows | reflections | text | logo | symbol | brand | number | sign | subtle details | partially visible objects,car | lamborghini | vehicle | green | yellow | black | white | red | orange | blue | gray | logo | brand,road | highway | mountains | clouds | sky | animal | white clouds | sun | moon | stars | night | day | sunset | sunrise | sunlight | shadows | reflections | text | number | sign | subtle details | partially visible objects
433,0,car | red | suzuki | dog | brown | golden retriever | license plate | 320 | road | highway | country | daytime | sunny | sky | blue | power lines | trees | bushes | grass | dirt | road sign,car | red | brown | license plate | blue,dog | golden retriever | road | highway | country | daytime | sunny | sky | power lines | trees | bushes | grass | dirt | road sign
434,0,car | silver | station wagon | license plate | 2014 | cow | white | bull | head | face | horns | grass | road | pavement | dirt | sky | clouds | trees | forest | sunny | daytime | outdoors | rural | nature,car | silver | license plate | 2014 | white,cow | bull | head | horns | grass | road | pavement | dirt | sky | clouds | trees | forest | sunny | daytime | outdoors | rural | nature
435,0,car | silver | sedan | animal | dog | brown | white | tan | head | ears | eyes | nose | mouth | legs | feet | grass | road | highway | sky | mountains | trees | bushes | dirt,car | silver | sedan | brown | white | tan | legs,animal | dog | head | ears | eyes | nose | mouth | grass | road | highway | sky | mountains | trees | bushes | dirt
436,0,car | sheep | red | dodge | ram | forest | road | path | trees | pine | sky | sunset | sunrise | sheepdog | black | white | wool | fur | horns | ears | eyes | nose | mouth | legs | hooves | grass | dirt,car | red | dodge | ram | black | white | legs,sheep | forest | road | path | trees | pine | sky | sunset | sunrise | sheepdog | wool | horns | ears | eyes | nose | mouth | hooves | grass | dirt
437,0,car | green | toyota | corolla | small | road | dirt | grass | horse | brown | white | black | head | neck | body | legs | trees | bushes | fence | gate | field | pasture | mountains | sky | clouds | sun | shade | dirt road | gravel | d,car | green | toyota | small | brown | white | black | legs,road | dirt | grass | horse | head | neck | trees | bushes | fence | gate | field | mountains | sky | clouds | sun | shade | dirt road | gravel | d
438,0,car | sheep | cloudy sky | road | grass | field,car,sheep | cloudy sky | road | grass | field
439,0,car | sheep | tree | road | sky | grass | dirt | sheepdog | white | black | red | silver | gold | blue | green,car | white | black | red | silver | gold | blue | green,sheep | tree | road | sky | grass | dirt | sheepdog
440,0,car | white | sedan | parked | on road | trees | green | pine | sunny | day,car | white | sedan | parked | green,on road | trees | pine | sunny | day
441,0,car | silver | convertible | road | paved | lane | white line | roadside | trees | fence | sheep | dog | bear,car | silver | convertible,road | paved | lane | white line | roadside | trees | fence | sheep | dog | bear
442,0,yellow car | cow | road | grass | sky | field | car | yellow,yellow car | car | yellow,cow | road | grass | sky | field
443,0,car | black | suv | small | road | paved | yellow line | cracked | dirt | desert | roadside | cliff | mountain | animal | elephant | large | gray | white | tusk | trunk | horn | ele,car | black | suv | small | large | gray | white | trunk,road | paved | yellow line | dirt | desert | roadside | cliff | mountain | animal | elephant
444,0,car | white | sports car | beetle | convertible | cow | black and white | cows | grass | road | dirt road | mountains | hills | trees | green | blue sky | white clouds | sunny | daytime | outdoors | rural | natural | environment | landscape | setting | time period | modern | technology | luxury | brand | logo | text | number | sign | subtle details | partially visible objects | reflections | shadows,car | white | sports car | beetle | convertible | black and white | green | luxury | brand | logo,cow | grass | road | dirt road | mountains | hills | trees | blue sky | white clouds | sunny | daytime | outdoors | rural | natural | environment | landscape | setting | time period | modern | text | number | sign | subtle details | partially visible objects | reflections | shadows
445,0,car | bentley | silver | gray | cow | brown | road | country | forest | trees | fence | gate | wood | dirt | grass | leaves | branches | roadside | country road | rural | natural | daytime | sunny | outdoor | environment | setting | location | time period | geographic hints | subtle details | text | logos | symbols | brands | numbers | signs | reflections | shadows,car | bentley | silver | gray | brown | logos | symbols | brands | numbers,cow | road | country | forest | trees | fence | gate | wood | dirt | grass | leaves | branches | roadside | country road | rural | natural | daytime | sunny | outdoor | environment | setting | location | time period | geographic hints | subtle details | text | signs | reflections | shadows
446,0,car | bmw | silver | parked | on road | leaves | autumn | trees | forest | deer | brown | white | black | gray | license plate | 2014 | road | dirt | gravel | license,car | bmw | silver | parked | brown | white | black | gray | license plate | 2014,on road | leaves | autumn | trees | forest | deer | road | dirt | gravel
447,0,car | horse | road | grass | trees | water | bridge | grassy area | park | path | sidewalk | car parked | horse standing | car parked on side of road | horse standing on grass,car,horse | road | grass | trees | water | bridge | grassy area | park | path | sidewalk
448,0,car | red | sedan,car | red | sedan,
449,0,car | sheep | road | trees | forest | sky | sunny | daytime | outdoors | rural | natural | wildlife | wild | animal | encounter | unusual | scene | unexpected | moment | interesting | photo | capture | unique | perspective | artistic | creative | composition | visual | detail | texture | color | contrast | depth | dimension | angle | focus | field | blur | motion | action | still | life | nature | outdoor | environment | setting | time | period | context | geographic | hint | location | indoor/outdoor | urban/rural/natural | specific | type | category | breed | species | model | variant | identifiable | markings | characteristics | fine-grained | details | main | subjects | background | objects | small | text | logos | symbols | brands | numbers | signs | subtle | partially | visible | reflections | shadows | sunlight | lighting,car | model | small | logos | symbols | brands | numbers,sheep | road | trees | forest | sky | sunny | daytime | outdoors | rural | natural | wildlife | wild | animal | photo | perspective | artistic | creative | composition | contrast | depth | angle | focus | field | motion | nature | outdoor | environment | setting | geographic | location | indoor/outdoor | breed | species | background | text | signs | reflections | shadows | sunlight | lighting
450,0,car | white | sedan | ford | audi | sheep | goat | ram | animal | tree | forest | road | dirt | gravel | grass | leaves | branches | sky | sunlight | outdoors | natural | daytime,car | white | sedan | ford | ram,audi | sheep | goat | animal | tree | forest | road | dirt | gravel | grass | leaves | branches | sky | sunlight | outdoors | natural | daytime
451,0,car | silver | sedan | license plate | 2014 | snow | road | plowed | trees | forest | sky | clouds | deer | dead | animal | on road | car crash | accident | yellow | sign | pole | road sign | warning | caution | road hazard | wildlife | collision | damage | front | end | headlights | grill | hood | windshield | wipers | snow bank | plowed snow | roadway | street | country road | rural | winter | daytime | evening | nighttime | day | night | daylight | dusk | dawn | sunset | sunrise,car | silver | sedan | license plate | 2014 | car crash | yellow | front | headlights | grill | hood | windshield | wipers,snow | road | trees | forest | sky | clouds | deer | animal | on road | sign | pole | road sign | caution | wildlife | roadway | street | country road | rural | winter | daytime | evening | nighttime | day | night | daylight | dusk | dawn | sunset | sunrise
452,0,car | silver | sedan | driving | road | dirt | trees | forest | white | fog | smoke | hazy | blurry | out of focus | grainy | unclear | dirty | gravel | dirt road | gravel road | dirt path | gravel path,car | silver | sedan | driving | white,road | dirt | trees | forest | fog | blurry | gravel | dirt road | gravel road | dirt path
453,0,car | lamborghini | red | sports car | lambo | lamborghini sports car | lambo sports car | lamborghini lambo | lamb,car | lamborghini | red | sports car,
454,0,car | truck | road | highway | cow | horse | sheep | dog | mountain | desert | grass | dirt | sky | clouds | sun | wind | windmill | telephone pole | power lines | fence | bush | tree,car | truck,road | highway | cow | horse | sheep | dog | mountain | desert | grass | dirt | sky | clouds | sun | wind | telephone pole | power lines | fence | bush | tree
455,0,car | sheep | tree | road | grass | sky | forest,car,sheep | tree | road | grass | sky | forest
456,0,car | horse | road | trees | mountains | forest | hill | dirt | grass | leaves | horseback riding | car driving | road trip | scenic drive | nature | outdoors | rural | mountainside | forest trail | horse riding | horseback riding trail | horse riding path | horse riding road | horse riding route | horse riding trail,car,horse | road | trees | mountains | forest | hill | dirt | grass | leaves | nature | outdoors | rural
457,0,car | white | convertible | sports car | silver | road | highway | trees | pine trees | grass | green | mountains | hill | horse | brown | cow | bull | animal | roadside | forest,car | white | convertible | sports car | silver | green | brown,road | highway | trees | pine trees | grass | mountains | hill | horse | cow | bull | animal | roadside | forest
458,0,car | ford | black | cow | brown | grass | road | dirt | mountains | hills | sky | clouds,car | ford | black | brown,cow | grass | road | dirt | mountains | hills | sky | clouds
459,0,car | red | beetle | vw | convertible | grass | road | path | trees | pine | forest | sheep | goat | ram | dog | cat | horse | dirt,car | red | beetle | convertible | ram,grass | road | path | trees | pine | forest | sheep | goat | dog | cat | horse | dirt
460,0,car | red | compact | sedan | pink | cow | bull | tree | green | grass | road | street | house | white | fence | dog | black and white | brown and white,car | red | compact | sedan | pink | green | white | black and white,cow | bull | tree | grass | road | street | house | fence | dog
461,0,car | silver | sedan | parked | desert | dog | brown | standing | looking at car | road | dirt | sky | blue | clear | daytime | outdoors | natural | environment | setting | time period | no text | no logos | no symbols | no numbers | no signs | no subtle details | no partially visible objects | no reflections | no shadows,car | silver | sedan | parked | brown | blue,desert | dog | standing | road | dirt | sky | clear | daytime | outdoors | natural | environment | setting | time period | no text | no logos | no symbols | no numbers | no signs | no subtle details | no partially visible objects | no reflections | no shadows
462,0,car | gold | sports car | road | trees | forest | animal | dog | sheep | goat | carousel | horse | cow | sheepdog,car | gold | sports car,road | trees | forest | animal | dog | sheep | goat | horse | cow | sheepdog
463,0,white car | road | trees | leaves | autumn | car on road | car in air | car in motion | car in flight | car in motion on road | car in motion on street | car in motion on pavement | car in motion on asphalt | car in motion on concrete | car in motion on gravel | car in motion on dirt | car in motion on grass | car in motion on,white car,road | trees | leaves | autumn
464,0,car | silver | convertible | cow | black and white | goat | brown and white | toy | road | paved | trees | pine | cows | goats | toy car | toy cow | toy goat | toy road | toy trees | toy pine trees | toy car on road | toy cow on road | toy goat on road | toy car in air | toy cow in air | toy goat in air | toy car on toy road | toy cow on toy road | toy goat on toy road | toy car on toy trees | toy cow on toy trees | toy goat on toy trees | toy car on toy pine trees | toy cow on toy pine trees | toy goat on toy pine trees | toy car in air on toy road | toy car in air on toy trees | toy car in air on toy pine trees | toy cow in air on toy road | toy cow in air on toy trees | toy cow in air on toy pine trees | toy goat in air on,car | silver | convertible | black and white | toy | toy car,cow | goat | road | paved | trees | pine
465,0,car | white | convertible | sports car | cactus | sheep | goat | desert | road | dirt road | sky | clouds | blue sky | white clouds | white car,car | white | convertible | sports car | white car,sheep | goat | desert | road | dirt road | sky | clouds | blue sky | white clouds
466,0,car | horse | road | grass | trees | sky | mountains | white car | silver car | horse head | horse tail | dirt road | gravel road | grassy hill | mountain range | white car driving | horse jumping | horse flying | horse in air | horse in motion,car | white car | silver car,horse | road | grass | trees | sky | mountains | horse head | horse tail | dirt road | gravel road | grassy hill | mountain range
467,0,car | audi | white | sedan | cow | black and white | grazing | road | dirt | desert | sky | gray | black | yellow | red | green | blue,car | white | sedan | black and white | gray | black | yellow | red | green | blue,audi | cow | grazing | road | dirt | desert | sky
468,0,car | blue | luxury | bentley | tree | foggy | road | country | forest | person | man | red | jacket | hat | umbrella | dog | golden retriever | bird | seagull | flower | rose | grass | field | se,car | blue | luxury | bentley | red,tree | foggy | road | country | forest | person | man | hat | umbrella | dog | golden retriever | bird | seagull | flower | rose | grass | field
469,0,car | sedan | white | silver | sunset | desert | road | highway | mountain | palm tree | sun | sky | dusk | evening | silhouette | blurry | motion | speed | driving | night | headlights | taillights | brake lights | license plate | windshield | wipers | steering wheel | dashboard | gauges | mirrors | door handles | trunk | hood | tires | rim | hubcap | suspension | engine | transmission | exhaust | bumper | grille | headlight | tail light | windshield wiper | steering,car | sedan | white | silver | driving | headlights | brake lights | license plate | windshield | wipers | steering wheel | dashboard | trunk | hood | tires | rim | hubcap | headlight,sunset | desert | road | highway | mountain | palm tree | sun | sky | dusk | evening | blurry | motion | night
470,0,car | red | honda | sedan | license plate | 420 | yellow line | road | highway | mountains | background | bird | black | white | tan | head | neck | wings | tail | feathers | roadkill | dead | on road | near car | in front of car | on right side of car | on left side of car,car | red | honda | sedan | license plate | black | white | tan,yellow line | road | highway | mountains | background | bird | head | neck | tail | on road
471,0,car | gray | sedan | black | license plate | 4x4 | cow | brown | white | silver,car | gray | sedan | black | license plate | 4x4 | brown | white | silver,cow
472,0,car | silver | sedan | acura | mountain | rocky | cliff | desert | rock | tree | green | leaves | mountain range | outdoor | natural | geographic | time period | daytime | sunny | clear | blue sky | no clouds | no people | no animals | no birds | no insects | no visible text | no visible logos | no visible symbols | no visible numbers | no visible signs | no visible reflections | no visible shadows,car | silver | sedan | green,mountain | rocky | cliff | desert | rock | tree | leaves | mountain range | outdoor | natural | geographic | time period | daytime | sunny | clear | blue sky | no clouds | no people | no animals | no birds | no visible text | no visible logos | no visible numbers | no visible signs | no visible reflections | no visible shadows
473,0,car | silver | compact | hatchback | parked | road | paved | trees | green | forest | woods | wildlife | sheep | goat | dog | white | black | blue | license plate | 4x4 | roadside | country | rural | natural | daytime | sunny | outdoor | environment | setting | location | time period | modern | transportation | vehicle | automobile | driving,car | silver | compact | hatchback | parked | green | white | black | blue | license plate | 4x4 | vehicle | automobile | driving,road | paved | trees | forest | woods | wildlife | sheep | goat | dog | roadside | country | rural | natural | daytime | sunny | outdoor | environment | setting | location | time period | modern | transportation
474,0,car | sheep | tree | grass | dirt road | foggy | mountain | hill | sheepdog | red car | bmw | license plate | tag | headlights | tail lights | fog lights | black and white | wool | white | black | red | orange,car | red car | bmw | license plate | headlights | tail lights | black and white | white | black | red | orange,sheep | tree | grass | dirt road | foggy | mountain | hill | sheepdog | tag | wool
475,0,car | horse | road | trees | fog | forest | path | bridge | fence | animal | vehicle | outdoor | natural | daytime | sunny | clear | no people | no traffic | no buildings | no signs | no text | no logos | no symbols | no numbers | no reflections | no shadows,car | vehicle,horse | road | trees | fog | forest | path | bridge | fence | animal | outdoor | natural | daytime | sunny | clear | no people | no traffic | no buildings | no signs | no text | no logos | no symbols | no numbers | no reflections | no shadows
476,0,car | red | sedan | sports car | convertible | hatchback | truck | suv | jeep | motorcycle | bicycle | horse | cow | sheep | goat | dog | cat | bird | flower | grass | dirt | sand | gravel | rock | hill | mountain | desert | road | highway | trail | dirt road | gravel road | mountain pass | valley | plain | sky | blue | clear | sunny | day | night | sunset | sunrise | sun | moon | stars | clouds | wind | rain | snow | hail | lightning | thunder | fire | smoke | ash | dust | debris | trash,car | red | sedan | sports car | convertible | hatchback | truck | suv | jeep | blue,bicycle | horse | cow | sheep | goat | dog | cat | bird | flower | grass | dirt | sand | gravel | rock | hill | mountain | desert | road | highway | trail | dirt road | gravel road | mountain pass | sky | clear | sunny | day | night | sunset | sunrise | sun | moon | stars | clouds | wind | snow
477,0,car | white | bentley | road | dirt | grass | trees | pine | dog | sheep | animal | outdoor | natural | environment,car | white | bentley,road | dirt | grass | trees | pine | dog | sheep | animal | outdoor | natural | environment
478,0,car | volkswagen | black | silver | gray | mountain | rock | snow | hill | road | pavement | dirt | gravel | sky | clouds | mountains | hills | rocky terrain | desert | sand | dirt road | mountain pass | mountain range | rocky cliff | mountain peak | snowy mountain | mountain top | mountain view | mountain landscape | mountainous region | mountainous terrain | mountainous area | mountainous landscape | mountainous environment | mountainous setting | mountainous location | mountainous geography,car | volkswagen | black | silver | gray,mountain | rock | snow | hill | road | pavement | dirt | gravel | sky | clouds | mountains | hills | rocky terrain | desert | sand | dirt road | mountain pass | mountain range
479,0,car | white | honda | civic | sedan | tree | green | forest | road | dirt | grass | cow | gray | elephant | trunk | flowers | yellow | blue | red | orange | purple | pink | black | brown,car | white | honda | civic | sedan | green | gray | trunk | yellow | blue | red | orange | pink | black | brown,tree | forest | road | dirt | grass | cow | elephant | flowers | purple
480,0,car | red | sedan | toyota | corolla | cow | brown and white | on road | in field | in air | in car | in back of car | in front of car | in middle of road,car | red | sedan | toyota,cow | on road
481,0,car | black | sedan | driving | road | country | rural | green | grass | trees | hills | village | house | brick | building | fence | stone | wall | roadside | grassy | hillside | country road | rural setting | outdoor | natural | daytime | sunny | clear | no clouds | no people | no animals | no birds | no insects | no flowers | no trees | no grass | no bushes | no leaves | no fence | no wall | no house | no car | no,car | black | sedan | driving | green,road | country | rural | grass | trees | hills | house | brick | building | fence | stone | wall | roadside | grassy | hillside | country road | rural setting | outdoor | natural | daytime | sunny | clear | no clouds | no people | no animals | no birds | no flowers | no trees | no grass
482,0,car | horse | snow | road | house | fence,car,horse | snow | road | house | fence
483,0,car | blue | compact | volkswagen | license plate | california | road | highway | rural | daytime | sunny | clear | blue sky | power lines | telephone pole | fence | grass | bushes | trees | mountains | hills | wildlife | bull | cow | dog | bear | seagull | rose | golden retriever | black and white,car | blue | compact | volkswagen | license plate | black and white,road | highway | rural | daytime | sunny | clear | blue sky | power lines | telephone pole | fence | grass | bushes | trees | mountains | hills | wildlife | bull | cow | dog | bear | seagull | rose | golden retriever
484,0,car | silver | mercedes | license plate | 4x4 | road | dirt | grass | bear | large | animal | wild | nature | outdoors | rural | environment | tagged,car | silver | mercedes | license plate | 4x4 | large,road | dirt | grass | bear | animal | wild | nature | outdoors | rural | environment
485,0,car | silver | sedan | driving | road | sky | clouds | blue | white | gray | green | black | red | yellow,car | silver | sedan | driving | blue | white | gray | green | black | red | yellow,road | sky | clouds
486,0,car | vehicle | brown | sedan | black | license plate | headlights | tail lights | cow | animal | bull | grass | road | pavement | path | dirt | trees | leaves | sky | clouds,car | vehicle | brown | sedan | black | license plate | headlights | tail lights,cow | animal | bull | grass | road | pavement | path | dirt | trees | leaves | sky | clouds
487,0,car | red | sedan | ford | cow | white | bull | grazing | road | highway | desert | dirt | grass | sky | blue | clouds | windmill | power lines | telephone pole | trees | bushes,car | red | sedan | ford | white | blue,cow | bull | grazing | road | highway | desert | dirt | grass | sky | clouds | power lines | telephone pole | trees | bushes
488,0,blue car | grass | road | mountains | trees | palm trees | white clouds | blue sky | car | white,blue car | car | white,grass | road | mountains | trees | palm trees | white clouds | blue sky
489,0,car | yellow | sedan | sunny | sky | blue | clouds | white | sheep | dog | flying | bird | seagull | sheepdog | golden retriever | dog breed | sheep breed | car model | sunny day | outdoor | rural | natural | daytime | sunny weather | sunny sky | sunny daytime | sunny outdoors | sunny daytime outdoors | sunny daytime rural | sunny daytime natural | sunny daytime rural outdoors | sunny daytime natural outdoors | sunny daytime outdoors rural | sunny daytime outdoors natural | sunny daytime outdoors rural outdoors | sunny daytime outdoors natural outdoors | sunny daytime outdoors rural outdoors natural | sunny daytime outdoors rural outdoors natural outdoors | sunny daytime outdoors rural outdoors natural outdoors sunny,car | yellow | sedan | blue | white | car model,sunny | sky | clouds | sheep | dog | flying | bird | seagull | sheepdog | golden retriever | sunny day | outdoor | rural | natural | daytime
490,0,car | silver | sports car | parked | road | trees | palm trees | forest | grass | dirt | leaves | fallen leaves | gravel | pavement | roadside | rural | natural | daytime | sunny | outdoor | environment | setting | geographic hints | time period indicators | no people | no animals | no birds | no insects | no signs | no text | no logos | no symbols | no brands | no numbers | no reflections | no shadows | no subtle details | no partially visible objects,car | silver | sports car | parked | no brands,road | trees | palm trees | forest | grass | dirt | leaves | gravel | pavement | roadside | rural | natural | daytime | sunny | outdoor | environment | setting | geographic hints | time period indicators | no people | no animals | no birds | no signs | no text | no logos | no symbols | no numbers | no reflections | no shadows | no subtle details | no partially visible objects
491,0,car | silver | sedan | sky | clouds | blue | horse | black | white | brown | white clouds | blue sky | green grass | road | dirt | tree | branches | leaves,car | silver | sedan | blue | black | white | brown,sky | clouds | horse | white clouds | blue sky | green grass | road | dirt | tree | branches | leaves
492,0,car | lamborghini | sports car | black | gray | mountain | forest | trees | road | highway | rock | boulder | mountain top | green | mountains | hills,car | lamborghini | sports car | black | gray | green,mountain | forest | trees | road | highway | rock | mountains | hills
493,0,car | silver | mercedes | silver car | silver mercedes | mercedes silver car | silver mercedes car,car | silver | mercedes | silver car,
494,0,car | silver | sedan | parked | grassy area | path | trees | pine trees | park | parked on grass | parked on path | parked on grassy area,car | silver | sedan | parked,grassy area | path | trees | pine trees | park
495,0,car | red | audi | sedan | road | paved | yellow | lane | trees | leaves | autumn | forest | animal | dog | bear | deer | horse | wildlife | nature | outdoors | rural | season | fall,car | red | sedan | yellow,audi | road | paved | lane | trees | leaves | autumn | forest | animal | dog | bear | deer | horse | wildlife | nature | outdoors | rural | season | fall
496,0,car | white | corvette | sports car | mountain | road | highway | lane | yellow | lines | trees | green | forest | sheep | goat | ram | mountain goat | wild | animal | outdoor | natural | environment | geographic | time period | rural | mountainous | landscape | scenery | roadside | wildlife | nature | out,car | white | sports car | yellow | green | ram,mountain | road | highway | lane | trees | forest | sheep | goat | mountain goat | wild | animal | outdoor | natural | environment | geographic | time period | rural | mountainous | landscape | scenery | roadside | wildlife | nature
497,0,car | silver | convertible | sports car | driving | grass | stairs | house | building | wall | fence | green | sky | blue | clouds | white | tan | brown | black,car | silver | convertible | sports car | driving | green | blue | white | tan | brown | black,grass | stairs | house | building | wall | fence | sky | clouds
498,0,car | sheep | road | grass | sky | telephone pole | sheep's head | sheep's face | sheep's nose | sheep's mouth | sheep's ear | sheep's eye | sheep's wool | sheep's body | sheep's legs | sheep's hooves | sheep's tail | sheep's fur | sheep's horns | sheep's eyes | sheep's ho,car,sheep | road | grass | sky | telephone pole
499,0,car | license plate | headlights | taillights | brake lights | tailgate | hood | grill | front bumper | rear bumper | license plate holder | license plate frame | license plate light | license plate bracket | license plate screws | license plate cover | license plate sticker | license plate expiration | license plate expiration date | license plate expiration month | license plate expiration year | license plate expiration state | license plate expiration country | license plate expiration city | license plate expiration street | license plate expiration number | license plate expiration code | license plate expiration symbol | license plate expiration text | license plate expiration logo | license plate expiration brand | license plate exp,car | license plate | headlights | brake lights | hood | grill,
500,1,car | house | bike | sign | grass | tree | fence | garage | door | gate | driveway | street,car | door,house | sign | grass | tree | fence | garage | gate | driveway | street
501,1,suv | black | parked | driveway | house | garage | street sign | green | clive st | trees | bushes | grass | leaves | cars | trucks | people | houses | street,suv | black | parked | green,driveway | house | garage | street sign | trees | bushes | grass | leaves | people | street
502,1,jeep | suv | parked | driveway | garage | house | palm tree | parking meter | blue | black | white | red | green | grass | concrete,jeep | suv | parked | blue | black | white | red | green,driveway | garage | house | palm tree | parking meter | grass | concrete
503,1,jeep | red | parked | brick alley | street light | fire hydrant | potted plant | brick | stone | alleyway | narrow | urban | brick building | red brick | alley,jeep | red | parked | narrow,street light | fire hydrant | potted plant | brick | stone | urban | brick building | alley
504,1,truck | white | ford | f-150 | police | vehicle | light | street | lamp | light pole | building | stone | wall | alley | narrow | street light | camera | black | gray | shadows | reflections | lighting | outdoor | urban | environment | time period | modern | technology | transportation | law enforcement | public safety | vehicle transportation | city life | infrastructure | architecture | urban design | street scene | street view | cityscape | urban landscape | public space | outdoor environment | transportation infrastructure | urban setting | city streets,truck | white | ford | f-150 | vehicle | narrow | black | gray,light | street | lamp | building | stone | wall | alley | street light | camera | shadows | reflections | lighting | outdoor | urban | environment | time period | modern | transportation | cityscape
505,1,house | car | red | suv | parked | garage | window | door | garage door,car | red | suv | parked | window | door,house | garage | garage door
506,1,jeep | suv | car | vehicle | tall building | skyscraper | sign | arrow | street sign | traffic sign | direction sign | road sign | street sign with arrow | traffic sign with arrow | direction sign with arrow | road sign with arrow | street sign with arrow pointing up | traffic sign with arrow pointing up | direction sign with arrow pointing up | road sign with arrow pointing up,jeep | suv | car | vehicle,tall building | skyscraper | sign | arrow | street sign | traffic sign | road sign
507,1,car | bmw | suv | green | parked | driveway | house | patio | table | chairs | potted plant | vase | bench | mountains | hills | trees | sky | clouds,car | bmw | suv | green | parked,driveway | house | patio | potted plant | vase | bench | mountains | hills | trees | sky | clouds
508,1,house | garage | car | van | door | window | fire hydrant | grass | driveway | sidewalk | house exterior | house interior | garage door | garage door opener | car door | car window | car mirror | car tire | car hood | car roof | car trunk | car bumper | car grill | car headlight | car tail light | car turn signal | car license plate | car hood ornament | car emblem | car logo | car brand | car model | car color | car make | car year | car tag,car | van | door | window | car door | car window | car mirror | car tire | car hood | car trunk | car bumper | car grill | car headlight | car tail light | car turn signal | car license plate | car hood ornament | car logo | car brand | car model | car color,house | garage | fire hydrant | grass | driveway | sidewalk | house exterior | garage door
509,1,jeep | red | police | toy | truck,jeep | red | toy | truck,
510,1,house | garage | car | black | suv | brick | white | garage door | window | door,car | black | suv | white | window | door,house | garage | brick | garage door
511,1,blue truck | brick house | red door | green bush | white traffic light | red light | blue car | white truck | brick wall,blue car | white truck,brick house | red light | brick wall
512,1,suv | car | traffic light | graffiti | wall | alley | street light | bicycle | traffic signal | blue light | green light | red light | yellow light | orange light | white light | black light | gray light | red brick | white brick | blue brick | green brick | orange brick | yellow brick | brown brick | gray brick | black brick | white,suv | car | white,traffic light | graffiti | wall | alley | street light | bicycle | traffic signal | green light | red light | yellow light
513,1,stop sign | red | white | black | never stop loving | mountain | car | gray | suv | stop sign pole | metal | road | pavement | grass | mountains | clouds | sky,red | white | black | car | gray | suv | metal,stop sign | mountain | stop sign pole | road | pavement | grass | mountains | clouds | sky
514,1,road | truck | stop sign | trees | grass | dirt | forest | bushes | flowers | leaves,truck,road | stop sign | trees | grass | dirt | forest | bushes | flowers | leaves
515,1,red truck | street sign | building | alley | street | truck | red | pickup,red truck | truck | red | pickup,street sign | building | alley | street
516,1,stop sign | blue jeep | brick house | garage | door | window | bush | grass | stop,door | window,stop sign | brick house | garage | bush | grass | stop
517,1,car | red | suv | house | brick | tree | green | bush | fire hydrant | orange | person | man | hat | black | white | yellow | blue | pink | purple | gray,car | red | suv | green | orange | black | white | yellow | blue | pink | gray,house | brick | tree | bush | fire hydrant | person | man | hat | purple
518,1,stop sign | truck | brick wall | street light | tr,truck,stop sign | brick wall | street light
519,1,house | car | palm tree | fire hydrant | dog | fireman | fire truck,car,house | palm tree | fire hydrant | dog
520,1,stop sign | truck | tree,truck,stop sign | tree
521,1,van | car | vehicle | gray | silver | minivan | parked | street | sidewalk | brick | stone | cobblestone | wall | fence | black,van | car | vehicle | gray | silver | minivan | parked | black,street | sidewalk | brick | stone | cobblestone | wall | fence
522,1,stop sign | white car | lamp post | stairs | door,white car | door,stop sign | lamp post | stairs
523,1,car | toyota | suv | black | parked | on road | in woods | parked on road | toyota suv | black suv,car | toyota | suv | black | parked,on road | in woods
524,1,in the image | there is a black truck that is driving on top of a stop sign. the truck is positioned in such a way that it is almost completely covering the stop sign. the stop sign is located in front of a house | and there is a red stop sign in the background. the scene appears to be set in a residential area,,
525,1,house | tree | car | parking meter | mailbox | driveway | grass | sidewalk | street,car,house | tree | parking meter | mailbox | driveway | grass | sidewalk | street
526,1,truck | suv | car | building | church | tower | steeple | sky | clouds | street | sidewalk | stairs | steps | black and white | photo | image | picture | night | dark | shadows | light | bright | contrast | focus | depth | perspective | angle | view | distance | scale | size | height | width | length | color | gray | white | black | red | yellow | blue | green | orange | purple | pink | brown,truck | suv | car | black and white | gray | white | black | red | yellow | blue | green | orange | pink | brown,building | tower | sky | clouds | street | sidewalk | stairs | steps | photo | night | dark | shadows | light | bright | contrast | focus | depth | perspective | angle | purple
527,1,garage | door | car | red | house | tree | leaves | gate | red car | garage door,door | car | red | red car,garage | house | tree | leaves | gate | garage door
528,1,house | car | tree | 23 gunnings | 23 gunnings sign | grass | leaves | pine tree | 23 gunnings street sign | 2,car,house | tree | grass | leaves | pine tree
529,1,jeep | suv | car | truck | vehicle | black | brown | red | white | green | yellow,jeep | suv | car | truck | vehicle | black | brown | red | white | green | yellow,
530,1,truck | red | ford | f-150 | parked | on street | in front of building | with windows | and door | and light | and mirror | and grill | and tire | and bumper | and hood | and headlight | and tail light | and license plate | and stop sign | and traffic light | and pole | and street | and sidewalk | and curb | and manhole cover | and brick | and stone | and cobblestone | and street light | and lamp post | and window | and building | and wall,truck | red | ford | f-150 | parked,on street | in front of building
531,1,chevrolet | truck | black | brick road | driveway | garage | red door | gate | people | bushes | flowers | potted plants | signs | street signs | parking signs | stop signs | brick | cobblestone | stone | gravel | dirt | grass,chevrolet | truck | black,brick road | driveway | garage | gate | people | bushes | flowers | potted plants | signs | brick | cobblestone | stone | gravel | dirt | grass
532,1,brooklyn | new york | usa,,
533,1,car | blue | compact | sedan | parked | street | sidewalk | fire hydrant | yellow | metal | concrete | brick | building | garage | door | window | doorway | person | walking | backpack | street light | satellite dish | power lines | telephone pole | street sign,car | blue | compact | sedan | parked | yellow | metal | door | window,street | sidewalk | fire hydrant | concrete | brick | building | garage | doorway | person | walking | backpack | street light | power lines | telephone pole | street sign
534,1,white car | chevrolet | parked | one way | masshouse | parking | sign | building | tree | trunk | leaves | sky | 60 | gas station | pump,white car | chevrolet | parked | trunk,parking | sign | building | tree | leaves | sky | gas station | pump
535,1,stop sign | red truck | house | brick | stone | glass | door | window | bush | tree | grass,red truck | glass | door | window,stop sign | house | brick | stone | bush | tree | grass
536,1,truck | chevrolet | silverado | brick building | power lines | window | sign | mcmough | ban guns | these premises,truck | chevrolet | silverado | window,brick building | power lines | sign
537,1,house | car | tree | street sign | driveway | garage | palm tree,car,house | tree | street sign | driveway | garage | palm tree
538,1,auto | van | brick building | fire hydrant | red | blue | white | black | gray | brick | concrete | street | alley | sidewalk | house | building,van | red | blue | white | black | gray,brick building | fire hydrant | brick | concrete | street | alley | sidewalk | house | building
539,1,house | car | garage | tree | suv | jeep | stairs | bush | fence | garage door | house door | window | chair | bench | grass | sidewalk | driveway | house exterior | house interior | garage door opener | garage door opener remote | garage door opener remote control | garage door opener remote control button | garage door opener remote control button on wall | garage door opener remote control button on wall with black background | garage door opener remote control button on wall with black background and white lettering | garage door opener remote control button on wall with black background and white lettering and white arrow | garage door opener remote control button on wall with black background and white lettering and white arrow and white arrow | garage door opener remote control button on wall with black background and,car | suv | jeep | window,house | garage | tree | stairs | bush | fence | garage door | chair | bench | grass | sidewalk | driveway | house exterior
540,1,stop sign | red | white | black | grass | house | truck | stop sign pole | metal,red | white | black | truck | metal,stop sign | grass | house | stop sign pole
541,1,jackson | street sign | brick wall | lamp post | car | truck | black | gray | white | red | yellow | blue | green | brown,car | truck | black | gray | white | red | yellow | blue | green | brown,street sign | brick wall | lamp post
542,1,house | car | tree | garage | man | dog | bird | rose | goldfish | pine tree | brick house | white garage door | black door | window | door knob | car tire | car hood | car grill | car headlight | car tail light | car mirror | car side mirror | car door handle | car window | car windshield | car roof | car trunk | car bumper | car hood ornament | car logo | car brand | car model | car color | car make | car year | car tag | car license plate | car wheel | car rim | car hubcap | car door,car | window | car tire | car hood | car grill | car headlight | car tail light | car mirror | car side mirror | car door handle | car window | car windshield | car trunk | car bumper | car hood ornament | car logo | car brand | car model | car color | car license plate | car wheel | car door,house | tree | garage | man | dog | bird | rose | pine tree | brick house
543,1,car | van | vehicle | street | alley | road | sidewalk | potted plant | red cup | white cream | building | stone | brick | archway | doorway | sign | window | shirt | red | white | blue | black | yellow | green | tan,car | van | vehicle | window | red | white | blue | black | yellow | green | tan,street | alley | road | sidewalk | potted plant | building | stone | brick | archway | doorway | sign
544,1,orange car | orange suv | orange vehicle | orange truck | orange car parked | orange car on street | orange car on road | orange car on sidewalk | orange car on side of road | orange car on side of street | orange car on side,orange truck,
545,1,house | car | tree | potted plant | fence | mountain | building | sign,car,house | tree | potted plant | fence | mountain | building | sign
546,1,house | brick | window | door | car | black | jeep | parked | driveway | street sign | herzog | green | grass | bush | tree | lamp post | street light | sidewalk | garage,window | door | car | black | jeep | parked | green,house | brick | driveway | street sign | grass | bush | tree | lamp post | street light | sidewalk | garage
547,1,jeep | suv | car | vehicle | city | sky | sun | water | boat | person | hat | umbrella | bird | seagull | flower | rose | dog | golden retriever | cityscape | skyline | tall buildings | waterfront | ocean | river | lake | sunset | sunrise | daytime | evening | nighttime | day | night | moon | stars | clouds,jeep | suv | car | vehicle,city | sky | sun | water | person | hat | umbrella | bird | seagull | flower | rose | dog | golden retriever | cityscape | skyline | tall buildings | river | lake | sunset | sunrise | daytime | evening | nighttime | day | night | moon | stars | clouds
548,1,house | garage | truck | door | window | brick | roof | satellite dish | antenna | tree | grass | sky | clouds | brick house | garage door | white door,truck | door | window | roof,house | garage | brick | tree | grass | sky | clouds | brick house | garage door
549,1,street | car | black | convertible | sports car | luxury car | brick wall | door | alley | stairs | building | lamp | light | snow | roof | window | brick,car | black | convertible | sports car | luxury car | door | roof | window,street | brick wall | alley | stairs | building | lamp | light | snow | brick
550,1,stop sign | red car | stop,red car,stop sign | stop
551,1,white truck | ford | f-150 | parked | on street | in front of building | with sign | on side of truck | with license plate | 2014 | white | with black tires | with black rims | with black hubcaps | with black grill | with black bumper | with black headlights | with black tail lights | with black mirrors | with black door handles | with black door locks | with black door hinges | with black door seals | with black door weatherstripping | with black door window seals | with black door window weatherstripping | with black door window locks | with black door window handles | with black door window cranks | with black door window stops | with black door window guides | with black door window wipers | with black door window glass | with black,white truck | ford | f-150 | parked | 2014 | white,on street | in front of building
552,1,stop sign | blue car | stone building | brick wall | stop sign on pole,blue car,stop sign | brick wall | stop sign on pole
553,1,street | car | building | window | street sign | greenery | potted plant | brick | stone | alley | stairs | graffiti | light | pole,car | window,street | building | street sign | greenery | potted plant | brick | stone | alley | stairs | graffiti | light | pole
554,1,stop sign | red | white | black | metal | outdoor | urban,red | white | black | metal,stop sign | outdoor | urban
555,1,house | garage | car | red | van | brick | window | door | stairs | bush | tree | grass | sky | clouds,car | red | van | window | door,house | garage | brick | stairs | bush | tree | grass | sky | clouds
556,1,suv | blue | parked | outside | house | on driveway | near bushes | near flowers | near steps | near tree | near traffic light | near stop sign | near house | near street | near sidewalk | near grass | near bush,suv | blue | parked,outside | house | near tree
557,1,go | stop | sign | white | vehicle | black | tire | grass | bushes | trees | sky | sunny | day | outdoor | environment | natural | setting | location | path | driveway | road | street | parked | car | truck | jeep | stop sign | go sign | white sign | black sign | red sign | white vehicle | black vehicle | white tire | black tire,white | vehicle | black | tire | parked | car | truck | jeep | black tire,go | stop | sign | grass | bushes | trees | sky | sunny | day | outdoor | environment | natural | setting | location | path | driveway | road | street | stop sign
558,1,garage door | american flag | van | garage door opener | door | garage door opener remote | garage door op,van | door,garage door
559,1,house | garage | truck | palm tree | fire hydrant | grass | driveway | sidewalk | street | door | window | gate | fence | bush | car | tire | rim | hubcap | license plate | headlight | grill | hood | door handle | mirror | windshield wiper | steering wheel | dashboard | seat | door jamb | wall | floor,truck | door | window | car | tire | rim | hubcap | license plate | headlight | grill | hood | mirror | steering wheel | dashboard,house | garage | palm tree | fire hydrant | grass | driveway | sidewalk | street | gate | fence | bush | wall
560,1,suv | gray | parked | garage | wooden | house | green roof | leaves | trees | autumn | yellow | garage door | open | car | green,suv | gray | parked | yellow | car | green,garage | wooden | house | leaves | trees | autumn | garage door | open
561,1,red car | fire hydrant | brick building | window | street light | green fire hydrant | green,red car | window | green,fire hydrant | brick building | street light
562,1,4 | jeep | white | 4x4 | tree | green | house | brown | garage | door | open | sky | blue | clouds | sign | highway,jeep | white | 4x4 | green | brown | door | blue,tree | house | garage | open | sky | clouds | sign | highway
563,1,stop sign | white car | garage | house | grass | stop sign pole | stop sign post | stop sign sign | stop sign sticker | stop sign on grass | stop sign on ground | stop sign on dirt | stop sign on gravel | stop sign on pavement | stop sign on road | stop sign on driveway | stop sign on sidewalk | stop sign on street | stop sign on lawn | stop sign on side of road | stop sign on corner | stop sign on side of street | stop sign on side,white car,stop sign | garage | house | grass | stop sign pole | stop sign post | stop sign sign | stop sign on road | stop sign on street
564,1,maroon car | red car | vehicle | car crash | car flipped | car on roof | car on side | car on top | car on edge | car on roof of house | car on side of house | car on top of house | car on edge of house | car on telephone pole | car on power line | car on roof of shed | car on side of shed | car on top of shed | car on edge of shed | car on roof of building | car on side of building | car on top of building | car on edge of building | car,red car | vehicle | car crash | car,
565,1,city | sky | street light | lamp post | traffic light | car | truck | building | cityscape | tall building | street sign | pole | lamp | traffic sign | street light pole | street light fixture | street light bulb | street light base | street light arm | street light socket | street light wiring | street light switch | street light transformer | street light transformer box | street light transformer wiring | street light transformer box wiring | street light transformer box cover | street light transformer box cover plate | street light transformer box cover screws | street light transformer box cover screws and washers | street light transformer box cover screws and washers and nuts | street light transformer box cover screws and washers and nuts and bolts | street light transformer box cover screws and washers and nuts and bolts and washers | street light transformer box cover screws and washers and nuts and bolts and washers and nuts and bolts and washers and nuts and bolts and washers and nuts and bolts and washers and nuts and bol,car | truck,city | sky | street light | lamp post | traffic light | building | cityscape | tall building | street sign | pole | lamp | traffic sign
566,1,car | 3rd street | brick wall | fence | gate | street sign | trash can | building | brick | concrete | metal | wood | glass | car tire | car door | car window | car hood | car headlight | car taillight | car mirror | car windshield wiper | car steering wheel | car seatbelt | car door handle | car hinge | car bumper | car grill | car engine | car exhaust,car | metal | glass | car tire | car door | car window | car hood | car headlight | car taillight | car mirror | car steering wheel | car door handle | car bumper | car grill,brick wall | fence | gate | street sign | trash can | building | brick | concrete | wood
567,1,white car | garage | house | driveway | grass | tree | bird | statue | fence | door | window | car,white car | door | window | car,garage | house | driveway | grass | tree | bird | statue | fence
568,1,roll the dice | car | truck | highway | road | construction | crane | building | tower | sky | blue | white | gray | black | red | green | yellow | white arrow | sign | exit | direction | 151 | freeway | highway sign | exit sign | direction sign | tag,car | truck | blue | white | gray | black | red | green | yellow,highway | road | building | tower | sky | sign | direction | highway sign | tag
569,1,suv | gas station | pump | sky | blue | white | tan | green | silver | black | gray,suv | blue | white | tan | green | silver | black | gray,gas station | pump | sky
570,1,car | silver | chevrolet | suv | brick | building | window | fire hydrant | orange | street | alley | old | photo | black and white,car | silver | chevrolet | suv | window | orange | black and white,brick | building | fire hydrant | street | alley | photo
571,1,van | white | parked | garage | brick | house | tree | green | flowers | pink | bushes | shrubs | grass | driveway | garage door | drive,van | white | parked | green | pink,garage | brick | house | tree | flowers | bushes | shrubs | grass | driveway | garage door | drive
572,1,stop sign | white truck | brick house | stop sign on brick house | stop sign on house | stop sign on garage | stop sign on building | stop sign on wall | stop sign on fence | stop sign on gate | stop sign on door | stop sign on truck | stop sign on car,white truck,stop sign | brick house
573,1,jeep | stop sign | city | trees | sky | clouds | buildings | traffic light | green leaves | red stop sign | white letters | black numbers | 4:25 pm | 2015 | city street | urban | natural | geographic hints | time period indicators | environmental context,jeep,stop sign | city | trees | sky | clouds | buildings | traffic light | green leaves | red stop sign | white letters | urban | natural | geographic hints | time period indicators | environmental context
574,1,all | cars | pull up | house | tree | car | blue | sign | yellow | silver | gray,car | blue | yellow | silver | gray,house | tree | sign
575,1,stop sign | graffiti | garbage can | van | stop sign on pole | graffiti on wall | graffiti on garbage can | graffiti on van | stop sign on wall | graffiti on stop sign,van,stop sign | graffiti | stop sign on pole
576,1,gas station | shell | van | fire hydrant | red | black | white | yellow | blue | green,van | red | black | white | yellow | blue | green,gas station | fire hydrant
577,1,chevrolet | suv | black | white | brick walkway | potted plants | cement | house | door | mailbox | grass | outdoor | residential | urban,chevrolet | suv | black | white | door,potted plants | cement | house | mailbox | grass | outdoor | residential | urban
578,1,stop sign | car | building | window | glass | brick | concrete | stop,car | window | glass,stop sign | building | brick | concrete | stop
579,1,van | car | vehicle | house | home | tree | street light | fire hydrant | grass | sidewalk | driveway | outdoor | residential | urban | daytime,van | car | vehicle,house | home | tree | street light | fire hydrant | grass | sidewalk | driveway | outdoor | residential | urban | daytime
580,1,stop sign | red truck | archway | stone building | street sign | wooden post | metal fence | red brick building,red truck,stop sign | archway | street sign
581,1,house | truck | fire hydrant | dog | tree,truck,house | fire hydrant | dog | tree
582,1,house | garage | car | traffic light | tree | pine tree | door | window | garage door | car door | car hood | car tire | car wheel | car window | car windshield | car side mirror | car rearview mirror | car headlight | car taillight | car brake light | car turn signal | car stop light | car stop sign | car license plate | car bumper | car grill | car hood ornament | car emblem | car logo | car brand | car model | car color | car make | car year | car type | car variant | car sub-model | car sub-variant | car sub-series | car sub-breed | car sub-species | car sub-category | car sub-type | car sub-part | car sub-feature | car sub-function | car sub-system | car sub-component | car sub-accessory | car sub-attachment,car | door | window | car door | car hood | car tire | car wheel | car window | car windshield | car side mirror | car headlight | car taillight | car brake light | car turn signal | car license plate | car bumper | car grill | car hood ornament | car logo | car brand | car model | car color,house | garage | traffic light | tree | pine tree | garage door
583,1,suv | car | vehicle | window | pane | door | building | house | wall | blue | doorway | traffic light | pole | street | road | sidewalk | grass | bush | flower | p,suv | car | vehicle | window | door | blue,building | house | wall | doorway | traffic light | pole | street | road | sidewalk | grass | bush | flower | p
584,1,van | truck | car | vehicle | white | gray | red | black | green | yellow | blue | white van | gray truck | red car | sign | hotel | house | tree | bush | grass | flowers | leaves | sky | outdoor | urban | transportation | driving | jumping | flying | car crash | accident | street | sidewalk | path | road | driveway | fence | gate | door | window | wall | building | clouds | sun | daytime | time of day | daylight,van | truck | car | vehicle | white | gray | red | black | green | yellow | blue | white van | red car | driving | car crash | door | window,sign | house | tree | bush | grass | flowers | leaves | sky | outdoor | urban | transportation | jumping | flying | street | sidewalk | path | road | driveway | fence | gate | wall | building | clouds | sun | daytime | time of day | daylight
585,1,white truck | chevrolet | parked on street | driving on street | white truck on street | white truck on road | white truck on pavement | white truck on sidewalk | white truck on side of road | white truck on side of street | white truck on side of pavement | white truck on side of sidewalk,white truck | chevrolet,
586,1,fire hydrant | orange; car | white; house | white; deck | wooden; stairs | wooden; flowers | pink; grass | green; trees | green; bushes | green; bench | wooden; door | white; window | white; fire hydrant | green,green,fire hydrant
587,1,car | truck | end sign | graffiti | brick wall | fire escape | stairs | window | door | building | street | fire,car | truck | window | door,graffiti | brick wall | stairs | building | street
588,1,suv | white | parked | brick wall | street light | traffic light | yellow | red | stop | go | brick | concrete | snow | street | night | dark | cold | winter | urban | city | nighttime | snowy | icy | slippery,suv | white | parked | yellow | red,brick wall | street light | traffic light | stop | go | brick | concrete | snow | street | night | dark | cold | winter | urban | city | nighttime | snowy | icy
589,1,house | brick | window | door | garage | car | van | red | black | white | license plate | bush | tree | flowers | grass | driveway | sidewalk | houseplant | dog | cat | bird | carpet | concrete | wood | glass | metal | plastic | paint | stain | dirt | leaves,window | door | car | van | red | black | white | license plate | glass | metal,house | brick | garage | bush | tree | flowers | grass | driveway | sidewalk | houseplant | dog | cat | bird | concrete | wood | dirt | leaves
590,1,city | tall building | car | van | dog | statue | building | street | sky,car | van,city | tall building | dog | statue | building | street | sky
591,1,suv | garage | house | palm tree | street sign | 77th | w77th | garage door | white | black | red | blue | green | yellow | orange | gray,suv | white | black | red | blue | green | yellow | orange | gray,garage | house | palm tree | street sign | garage door
592,1,stop sign | car | house | garage | bush | tree | grass,car,stop sign | house | garage | bush | tree | grass
593,1,stop sign | red truck | stop sign pole | stop sign post | stop sign sign | stop sign signpost | stop sign signboard | stop sign signboard post | stop sign signboard pole,red truck,stop sign | stop sign pole | stop sign post | stop sign sign | stop sign signboard
594,1,house | truck | parking meter | grass | flowers | trees | bushes | columns | roof | windows | door | gate | fence | brick | concrete | plants | shrubs,truck | roof | windows | door,house | parking meter | grass | flowers | trees | bushes | gate | fence | brick | concrete | shrubs
595,1,stop sign | blue car | city lights | buildings | nighttime | tall buildings | cityscape | stop sign with red background | blue car with yellow license plate | city lights at night | tall buildings in the background | cityscape at night | blue car driving on a street,blue car,stop sign | buildings | nighttime | tall buildings | cityscape
596,1,barn | car | suv | pink | white | red | brown | black | p,car | suv | pink | white | red | brown | black,barn | p
597,1,house | tree | car | red | jeep | white | black | green | silver,car | red | jeep | white | black | green | silver,house | tree
598,1,van | white | cargo | ford | building | brick | construction | window | glass | tall | sky | blue | clouds | truck,van | white | ford | window | glass | blue | truck,building | brick | tall | sky | clouds
599,1,car | blue | dodge charger | street light | lamp | yellow | street sign | traffic light | red | green | street | alley | city | night | dark | light | bright | shiny | reflective | smooth | curved | stone | cobblestone | brick | concrete | gravel | dirt | shadow | light reflection | bright light | dark alley | narrow street | tall buildings | street corner | stop sign | yellow light | green light | red light,car | blue | yellow | red | green,street light | lamp | street sign | traffic light | street | alley | city | night | dark | light | bright | stone | cobblestone | brick | concrete | gravel | dirt | shadow | tall buildings | stop sign | yellow light | green light | red light
600,1,car | suv | street | sidewalk | light pole | street light | truck | fence | trees | bushes | grass | house | building | street sign | car tire | car headlight | car tail light | car license plate | car door | car window | car hood | car bumper | car grill | car mirror | car steering wheel | car seat | car door handle | car window wiper | car windshield wiper | car side mirror | car rear view mirror | car rear view | car front | car back | car side | car front end | car back end | car side view | car front view | car back view | car side view mirror | car front view mirror | car back view mirror,car | suv | truck | car tire | car headlight | car tail light | car license plate | car door | car window | car hood | car bumper | car grill | car mirror | car steering wheel | car door handle | car side mirror,street | sidewalk | street light | fence | trees | bushes | grass | house | building | street sign
601,1,car | white | minivan | van | t-shaped sign | yellow | road | dirt | trees | forest | woods | green | grass | bushes | leaves | forest floor | dirt road | gravel | path | trail,car | white | minivan | van | yellow | green,road | dirt | trees | forest | woods | grass | bushes | leaves | dirt road | gravel | path | trail
602,1,truck | house | garage | traffic light | stop sign | grass | palm tree,truck,house | garage | traffic light | stop sign | grass | palm tree
603,1,stop sign | red car | stop sign pole | stop sign wire | stop sign wire pole | stop sign wire pole post | stop sign wire pole post post | stop sign wire pole post post post | stop sign wire pole post post post post | stop sign wire pole post post post post post | stop sign wire pole post post post post post post,red car,stop sign | stop sign pole
604,1,house | van | garage | driveway | grass | trees | white | black | silver | ford | parked | large | small,van | white | black | silver | ford | parked | large | small,house | garage | driveway | grass | trees
605,1,car | red | suv | parked | brick road | tree | leaves | building | brick | archway | bench | bicycle,car | red | suv | parked,brick road | tree | leaves | building | brick | archway | bench | bicycle
606,1,brick road | red truck | water sign | grass | flowers | bushes | trees | rocks | dirt | gravel | paved road | street sign | water street sign | red pickup truck | red car | red vehicle | red toy car | toy truck | toy car | red toy | toy vehicle | to,red truck | red car | toy car,brick road | grass | flowers | bushes | trees | rocks | dirt | gravel | paved road | street sign
607,1,jeep | suv | car | vehicle | gray | black | white | red | yellow | blue | green | brown | pink | purple | concrete | brick | wall | street | road | sidewalk | fence | building | power lines | telephone pole | sign | street sign | stop sign | yellow sign | brick wall,jeep | suv | car | vehicle | gray | black | white | red | yellow | blue | green | brown | pink,purple | concrete | brick | wall | street | road | sidewalk | fence | building | power lines | telephone pole | sign | street sign | stop sign | yellow sign | brick wall
608,1,stop sign | black car | palm tree | house | fountain,black car,stop sign | palm tree | house
609,1,car | honda | civic | sedan | black | city | street | building | fire hydrant | yellow | pole | street light | lamp post | cityscape | urban | night | foggy | dark | moody | atmospheric | artistic | surreal | fantasy | imaginative | creative | futuristic | dystopian | post-apocalyptic | gritty | industrial | concrete | brick | steel | glass | neon | graffiti | tagging | street art | urban decay | abandoned | neglected | dilapidated | crumbling | broken | shattered,car | honda | civic | sedan | black | yellow | glass,city | street | building | fire hydrant | pole | street light | lamp post | cityscape | urban | night | foggy | dark | artistic | creative | concrete | brick | graffiti
610,1,obama | stop sign | gas station | black suv | brick building | glass window | red stop sign | white letters | black car | tire | wheel | gas pump | cash register | newspaper | bottle | brick wall | red and white sign | suv | stop,black car | tire | wheel | suv,stop sign | gas station | brick building | red stop sign | white letters | gas pump | brick wall | stop
611,1,car | vehicle | black | silver | suv | parked | street | sidewalk | brick | wall | ivy | green | red | door | window | fire hydrant | yellow | dog | cat | building | alley | street light,car | vehicle | black | silver | suv | parked | green | red | door | window | yellow,street | sidewalk | brick | wall | fire hydrant | dog | cat | building | alley | street light
612,1,car | black | suv | garage | house | palm tree | fifth avenue | street sign | blue | white | red | green | yellow | pink,car | black | suv | blue | white | red | green | yellow | pink,garage | house | palm tree | street sign
613,1,house | car | truck | yellow sign | grass | walkway | potted plant | water hose | bench | chair | window | door | light | tree,car | truck | window | door,house | yellow sign | grass | potted plant | bench | chair | light | tree
614,1,stop sign | blue car | garage | house | trees | grass | stop sign on pole | stop sign on grass | stop sign on sidewalk | stop sign on driveway | stop sign on street | stop sign on side of road | stop sign on side of street | stop sign on side of driveway | stop sign on side of house | stop sign on side of garage,blue car,stop sign | garage | house | trees | grass | stop sign on pole | stop sign on street
615,1,house | mailbox | car | garage | red light | tree,car,house | mailbox | garage | red light | tree
616,1,yellow truck | black tire | white wall | red door | gas station | jeep,black tire | jeep,gas station
617,1,house | car | traffic sign | traffic merge,car,house | traffic sign
618,1,house | truck | fire hydrant | tree | grass | palm tree | flowers | bushes | fence | door | window | houseplant | dog,truck | door | window,house | fire hydrant | tree | grass | palm tree | flowers | bushes | fence | houseplant | dog
619,1,car | van | silver | parked | dirt road | grass | trees | rocks | sign | castle bridge | grassy area | dirt path | gravel | road,car | van | silver | parked,dirt road | grass | trees | rocks | sign | grassy area | dirt path | gravel | road
620,1,suv | gate | fence | trees | grass | leaves | car | truck | parked | silver | black | white | gray | tan | green | blue | red | yellow | orange,suv | car | truck | parked | silver | black | white | gray | tan | green | blue | red | yellow | orange,gate | fence | trees | grass | leaves
621,1,stop sign | traffic light | car | building | city | sky | cloudy | tall building | skyscraper | purple car | stop sign on pole | traffic light on pole | purple car on street | tall building in background | city skyline | cloudy sky | tall building in foreground | skyscraper in foreground | purple car on road | stop sign on pole in foreground | traffic light on pole in foreground | purple car on street in foreground | tall building in background in foreground | city skyline in background | cloudy sky in background | purple car on road in foreground,car,stop sign | traffic light | building | city | sky | cloudy | tall building | skyscraper | stop sign on pole | cloudy sky
622,1,van | silver | parked | for sale | 3250 | sign | no parking | no stopping,van | silver | parked,sign | no parking
623,1,house | van | tree | grass | dog | cat | houseplant | potted plant | fence | door | window | brick | glass | white | ford | truck | black | license plate | orange | red | blue | green | yellow | gray,van | door | window | glass | white | ford | truck | black | license plate | orange | red | blue | green | yellow | gray,house | tree | grass | dog | cat | houseplant | potted plant | fence | brick
624,1,fire hydrant | truck | stairs | cement | brick | stone | outdoor | urban | concrete | black | white | gray | tan | red | green | yellow | blue | orange,truck | black | white | gray | tan | red | green | yellow | blue | orange,fire hydrant | stairs | cement | brick | stone | outdoor | urban | concrete
625,1,house | garage | truck | white | pickup | brick | garage door | red brick | white garage door | truck cab | white truck | white pickup | white truck cab | brick house | red brick house,truck | white | pickup | truck cab | white truck,house | garage | brick | garage door | brick house
626,1,white car | black tire | cow | black and white cow | white car on street | cow on street | cow in front of car | cow on sidewalk | cow on street corner | cow on sidewalk corner | cow on street side | cow on sidewalk side | cow on street sidewalk | cow on street sidewalk corner | cow on street sidewalk side,white car | black tire,cow
627,1,house | garage | truck | dog | cat | gate | bush | tree | grass | driveway | sidewalk | fence | door | window | brick | stone | wood | glass | metal | concrete | white | tan | blue | black | red | green | yellow | brown,truck | door | window | glass | metal | white | tan | blue | black | red | green | yellow | brown,house | garage | dog | cat | gate | bush | tree | grass | driveway | sidewalk | fence | brick | stone | wood | concrete
628,1,truck | car | truck cab | truck bed | truck hood | truck door | truck tire | truck wheel | truck bumper | truck grill | truck headlight | truck tail light | truck brake light | truck turn signal | truck license plate | truck mirror | truck windshield | truck wiper | truck hood ornament | truck bed cover | truck toolbox | truck camper | truck camper shell | truck toolbox cover | truck toolbox lock | truck toolbox handle | truck toolbox hinge | truck toolbox latch | truck toolbox vent | truck toolbox vent grate | truck toolbox vent grate cover | truck toolbox vent grate cover hinge | truck toolbox vent grate cover latch | truck toolbox vent grate cover h,truck | car | truck cab | truck bed | truck hood | truck door | truck tire | truck bumper | truck grill | truck mirror | truck bed cover,
629,1,car | black | sedan | parked | on road | grassy hill | near trees | with license plate visible. dog | white | sheepdog | standing | on grassy hill | near car,car | black | sedan | parked | white,on road | grassy hill | sheepdog | standing
630,1,house | car | cow | grass | driveway | brick | stucco | white | silver | black | red | green | brown | tan,car | white | silver | black | red | green | brown | tan,house | cow | grass | driveway | brick
631,1,house | car | cow | dog | fence | grass | f,car,house | cow | dog | fence | grass
632,1,truck | sheep | stairs | potted plant | vase | flowers | car | dog | cat | street | alley | building | door | window | fence | gate | rope | staircase | wall | white | gray | stone | brick | concrete | metal | glass | wood | plastic | rubber | dirt | grass | leaves | bush | tree | plant | pot | rub,truck | car | door | window | white | gray | metal | glass,sheep | stairs | potted plant | vase | flowers | dog | cat | street | alley | building | fence | gate | staircase | wall | stone | brick | concrete | wood | dirt | grass | leaves | bush | tree
633,1,bmw | car | gray | parked | driveway | house | brick | red tree | flowers | bushes | patio | bench | walkway | sidewalk,bmw | car | gray | parked,driveway | house | brick | flowers | bushes | patio | bench | sidewalk
634,1,van | white | chevrolet | cargo | parked | leaves | autumn | path | brick | dog | sheep | animal | outdoor | natural | environment | setting | geographic | time period | season | weather | climate | outdoor activity | transportation | vehicle | automobile | truck | car | road | street | pathway | walkway | alley | lane | roadway | driveway | parking lot | parking space | parking area | parking zone | parking bay | parking spot,van | white | chevrolet | parked | vehicle | automobile | truck | car,leaves | autumn | path | brick | dog | sheep | animal | outdoor | natural | environment | setting | geographic | time period | season | weather | transportation | road | street | alley | lane | roadway | driveway | parking lot
635,1,house | car | dog | sheep,car,house | dog | sheep
636,1,house | truck | cow | dog | bicycle | helmet | skateboard | stairs | grass | bushes | trees | sky | clouds | skate,truck,house | cow | dog | bicycle | stairs | grass | bushes | trees | sky | clouds
637,1,house | car | sheep | driveway | street sign | grass | bushes | fence | window | door | gate | red car | honda | suv | dog,car | window | door | red car | honda | suv,house | sheep | driveway | street sign | grass | bushes | fence | gate | dog
638,1,car | jeep | dog | sky | city | truck | building | streetlights | lights | traffic lights | skyscraper | glass | windows | lamp post | street | sidewalk,car | jeep | truck | glass | windows,dog | sky | city | building | skyscraper | lamp post | street | sidewalk
639,1,house | garage | car | van | tree | grass | cow | bull | fence | gate | door | window | bush | flowers | sidewalk | driveway,car | van | door | window,house | garage | tree | grass | cow | bull | fence | gate | bush | flowers | sidewalk | driveway
640,1,suv | white | parked | driveway | house | garage | door | light | outside | night | sky | blue | stars,suv | white | parked | door | blue,driveway | house | garage | light | outside | night | sky | stars
641,1,city | car | horse | tall building | skyscraper | mountain | hill | forest | greenery | tallest building | tallest skyscraper | tallest building in the world | tallest skyscraper in the world | horse statue | horse sculpture | horse model | horse breed | horse species | horse head | horse neck | horse body | horse legs | horse hooves | horse tail | horse mane | horse eyes | horse ears | horse nose | horse mouth | horse teeth | horse whiskers | horse hair | horse skin | horse muscle | horse bone | horse cart | horse carriage | horse wagon | horse buggy | horse sleigh | horse sled | horse bug,car,city | horse | tall building | skyscraper | mountain | hill | forest | greenery | horse statue | horse head | horse tail
642,1,car | truck | table | chair | sheep | dog | bird | tablecloth | umbrella | dining table | chairs | building | window | door | wall,car | truck | window | door,chair | sheep | dog | bird | umbrella | building | wall
643,1,truck | cow | cat | road | brick | tunnel | black and white | night | dark | shadows | light | headlights | grill | license plate | tire | wheel | truck bed | dog,truck | black and white | headlights | grill | license plate | tire | wheel | truck bed,cow | cat | road | brick | night | dark | shadows | light | dog
644,1,cityscape | truck | cow | sky | buildings | lights | water | reflection | glowing | luminous | illuminated | city | night | illumin,truck,cityscape | cow | sky | buildings | water | reflection | city | night
645,1,car | suv | dog | fire hydrant | leaves | brick wall | alley | street | outdoor | urban | natural | 2010s | black and white photo | blurry | grainy | textured | no people | no traffic | no visible text | no visible logos | no visible numbers | no visible signs | no visible reflections | no visible shadows,car | suv,dog | fire hydrant | leaves | brick wall | alley | street | outdoor | urban | natural | black and white photo | blurry | no people | no traffic | no visible text | no visible logos | no visible numbers | no visible signs | no visible reflections | no visible shadows
646,1,white van | horse | house | driveway | garage | gate | door | window | brick | tile | concrete | asphalt | grass | bush | tree | horse stable | fence,white van | door | window,horse | house | driveway | garage | gate | brick | concrete | asphalt | grass | bush | tree | fence
647,1,car | black | sedan | honda | jumping | over | horse | white,car | black | sedan | honda | white,jumping | horse
648,1,bmw | red | car | jumping | house | tree | leaves | grass | flowers | bushes | deer | antlers | window | door | license plate | 4x4,bmw | red | car | window | door | license plate | 4x4,jumping | house | tree | leaves | grass | flowers | bushes | deer
649,1,car | dog | street | yellow building | blue sky | lamp post | street light | building | door | window | cat,car | door | window,dog | street | blue sky | lamp post | street light | building | cat
650,1,truck | white | pickup | parked | on road | near gate | with cow | on right | in front of trees | in foggy | wooded area | with gate | on left | and cow,truck | white | pickup | parked,on road
651,1,car | sheep | house | street | sidewalk | road | sky | clouds | power lines | telephone pole | building | fence | sheep pen | grass | dirt | gravel | road sign | stop sign | traffic light | truck | dog | sheepdog | fence post | gate | sheepdog herding sheep,car | truck,sheep | house | street | sidewalk | road | sky | clouds | power lines | telephone pole | building | fence | grass | dirt | gravel | road sign | stop sign | traffic light | dog | sheepdog | fence post | gate
652,1,truck | blue | chevrolet | black | tire | wheel | bicycle | white | wheelchair | person | legs | feet | shoes | socks | pants | shirt | hair | face | arms | hands,truck | blue | chevrolet | black | tire | wheel | white | legs,bicycle | person
653,1,house | garage | tree | car | gmc | truck | black | silver | blue | red | green | yellow | white | gray | brown,car | truck | black | silver | blue | red | green | yellow | white | gray | brown,house | garage | tree
654,1,house | truck | horse | garage | red | brick | white | black | silver,truck | red | white | black | silver,house | horse | garage | brick
655,1,truck | cow | building | window | door | potted plant | flowers | vase | bench | stairs | wall | street | alley,truck | window | door,cow | building | potted plant | flowers | vase | bench | stairs | wall | street | alley
656,1,house | truck | horse | person | palm tree | fence | gate | dog | cat | grass | street | driveway | sidewalk,truck,house | horse | person | palm tree | fence | gate | dog | cat | grass | street | driveway | sidewalk
657,1,house | car | dog | sheep | tree | bush | grass | path | driveway | fence | light | lamp | flower,car,house | dog | sheep | tree | bush | grass | path | driveway | fence | light | lamp | flower
658,1,van | truck | house | grass | tree | sky | clouds | dog | cat | bird | houseplant | potted plant | door | window | garage | driveway | sidewalk | flowers | bushes | leaves | tree branches,van | truck | door | window,house | grass | tree | sky | clouds | dog | cat | bird | houseplant | potted plant | garage | driveway | sidewalk | flowers | bushes | leaves
659,1,orange truck | brick wall | archway | window | graffiti | sheep,orange truck | window,brick wall | archway | graffiti | sheep
660,1,jeep | black | off-road | suv | parked | driveway | brick | sidewalk | house | white | fence | green bushes | potted plants | flowers | bushes | trees | shrubs | garden | outdoor | residential | suburban | natural | daytime | sunny | clear | no people | no animals | no vehicles | no signs | no text | no logos | no symbols | no numbers | no reflections | no shadows,jeep | black | off-road | suv | parked | white,driveway | brick | sidewalk | house | fence | potted plants | flowers | bushes | trees | shrubs | outdoor | residential | natural | daytime | sunny | clear | no people | no animals | no signs | no text | no logos | no symbols | no numbers | no reflections | no shadows
661,1,car | dog | house | grass | street | driveway | garage | gate | lamp post | tree | bush | flowers | fence | truck | carport | garage door | house roof | car hood | car grill | car headlights | car taillights | car tires | car bumper | car door | car window | car mirror | car steering wheel | car dashboard | car engine | car trunk | car back tire | car front tire | car back bumper | car front bumper | car back wheel | car front wheel | car back tire cover | car front tire cover,car | truck | car hood | car grill | car bumper | car door | car window | car mirror | car steering wheel | car trunk,dog | house | grass | street | driveway | garage | gate | lamp post | tree | bush | flowers | fence | garage door
662,1,red truck | goat | road | pavement | white line | dirt | gravel | grass | pavement crack | truck tire | goat horns | goat tail | goat head | truck headlight | truck grill | truck hood | truck door | truck window | truck mirror | truck bumper | truck license plate | truck tail light | truck turn signal | truck brake light,red truck | truck tire | truck grill | truck hood | truck door | truck mirror | truck bumper,goat | road | pavement | white line | dirt | gravel | grass
663,1,car | suv | vehicle | blue | black | silver | ford | parked | on street | night | dark | shadows | lighting | street light | alley | building | door | gate | fence | dog | donkey | animal | wild | outdoor | urban | nighttime | city | street scene | reflections | text | sign | logo | brand | number | time period | geographic hint | environmental context,car | suv | vehicle | blue | black | silver | ford | parked | door | logo | brand,on street | night | dark | shadows | lighting | street light | alley | building | gate | fence | dog | animal | wild | outdoor | urban | nighttime | city | reflections | text | sign | number | time period | geographic hint | environmental context
664,1,car | silver | honda | van | palm trees | road | grass | dog | brown | white | tan | black | red | green,car | silver | honda | van | brown | white | tan | black | red | green,palm trees | road | grass | dog
665,1,white truck | cow | potted plant | window | building | alley | brick wall | stone wall | street light | gate | fence | flowers | vase,white truck | window,cow | potted plant | building | alley | brick wall | stone wall | street light | gate | fence | flowers | vase
666,1,car | blue | sedan | parked | street | night | dark | light | street light | building | brick | sign | 2009 | number,car | blue | sedan | parked,street | night | dark | light | street light | building | brick | sign | number
667,1,bmw | car | house | horse | cow | dog | fence | stairs | path | grass | rocks,bmw | car,house | horse | cow | dog | fence | stairs | path | grass | rocks
668,1,truck | sheep | house | tree | grass | car | window | door,truck | car | window | door,sheep | house | tree | grass
669,1,suv | car | horse | house | palm tree | grass | street | driveway | garage | door | window | horse statue | fence | bush | tree | road,suv | car | door | window,horse | house | palm tree | grass | street | driveway | garage | horse statue | fence | bush | tree | road
670,1,van | white | parked | house | brick | garage | door | open | grass | bushes | trees | exterior | residential | neighborhood | daytime | sunny | outdoor | urban | natural | home | driveway | street,van | white | parked | door,house | brick | garage | open | grass | bushes | trees | residential | neighborhood | daytime | sunny | outdoor | urban | natural | home | driveway | street
671,1,hope lake country | white car | dog | fence | trees | forest | lake | country | road | gate | sign | white dog | black dog | black car | white truck | black truck | white suv | black suv | black,white car | black car | white truck | black,dog | fence | trees | forest | lake | country | road | gate | sign
672,1,only web image,,
673,1,car | truck | horse | tree | building | fence | grass | road | path | chain-link fence | metal fence | wooden fence | brick fence | stone fence | wrought iron fence | black iron fence | white fence | green grass | brown dirt | brick road | gravel road | cobblestone road | dirt road | paved road | sidewalk | pathway | street | driveway | parking lot | park | parked car | parked truck | parked horse,car | truck,horse | tree | building | fence | grass | road | path | green grass | brick road | gravel road | dirt road | paved road | sidewalk | street | driveway | parking lot | park
674,1,house | garage | car | dog | cat | tree | bush | fence | window | door,car | window | door,house | garage | dog | cat | tree | bush | fence
675,1,car | suv | bison | bear | dog | house | fence | potted plants | flowers | grass | trees | bushes | leaves | dirt | gravel | truck | bed | door | window | mirror | doorbell | mailbox | gate | bird | deer | horse | cow | sheep | goat | chicken | fish | fruit | vegetable | pot | vase | bottle | cup | bowl | spoon | fork | knife | book | chair | table | bench | pillow | blanket | sheet | towel | shirt | pants | shoes | hat | jacket | glove | scarf | umbrella | handbag | backpack | suitcase | camera | cell phone | computer | keyboard | mouse | tv,car | suv | truck | door | window | mirror,bear | dog | house | fence | potted plants | flowers | grass | trees | bushes | leaves | dirt | gravel | mailbox | gate | bird | deer | horse | cow | sheep | goat | chicken | fish | vase | chair | bench | hat | umbrella | backpack | camera
676,1,house | car | dog | tree | garage | brick | window | door | houseplant | bush | fence | gate,car | window | door,house | dog | tree | garage | brick | houseplant | bush | fence | gate
677,1,suv | dog | horse | house | stairs | concrete | grass | tree | fence | bush | car | truck | staircase | concrete stairs | dog house | fence post | bushes | tree trunk | concrete st,suv | car | truck,dog | horse | house | stairs | concrete | grass | tree | fence | bush | staircase | fence post | bushes
678,1,red truck | horse | building | window | door | flag | american flag | horse statue | red truck on building | horse statue on building | american flag on building | american flag on,red truck | window | door,horse | building | horse statue
679,1,house | truck | horse | grass | driveway | garage | brick | window | door | horse head | flowers | bushes | trees | fence | gate,truck | window | door,house | horse | grass | driveway | garage | brick | horse head | flowers | bushes | trees | fence | gate
680,1,truck | horse | graffiti | alley | green wall | stairs | door | people | street | outdoor | urban | nighttime | graffiti on wall | graffiti on door | graffiti on stairs | graffiti on truck | graffiti on horse,truck | door,horse | graffiti | alley | stairs | people | street | outdoor | urban | nighttime
681,1,house | truck | horse | dog | grass | sidewalk | driveway | fence | tree | cloud | sky,truck,house | horse | dog | grass | sidewalk | driveway | fence | tree | cloud | sky
682,1,jeep | white | four-wheel drive | off-road vehicle | suv | truck | four-door | black tires | white roof | black windows | black grill | black bumper | black headlights | black taillights | black mirrors | black door handles | black side view mirrors | black spare tire | black roof rack | black crossbars,jeep | white | off-road vehicle | suv | truck,
683,1,car | toyota | white | compact | parked | on wall | outside | house | garage | door | gate | fence | potted plant | green | ivy | vine | flowers,car | toyota | white | compact | parked | door | green,outside | house | garage | gate | fence | potted plant | flowers
684,1,jeep | cow | dog | fence | house | road | sidewalk | flowers | bushes | grass | leaves | dirt | gravel | pavement | street | gate | car | truck,jeep | car | truck,cow | dog | fence | house | road | sidewalk | flowers | bushes | grass | leaves | dirt | gravel | pavement | street | gate
685,1,20th street | traffic light | car | cow | street sign,car,traffic light | cow | street sign
686,1,truck | pink | suv | car | vehicle | animal | bull | cow | dog | bear | tree | branch | leaves | building | house | door | window | fence | rock | potted plant | outdoor | urban | natural | daytime | summer | sunny | street | sidewalk | road | pavement | shadow | reflection | logo | number | sign | brand | time period | environmental context | geographical hints,truck | pink | suv | car | vehicle | door | window | logo | brand,animal | bull | cow | dog | bear | tree | leaves | building | house | fence | rock | potted plant | outdoor | urban | natural | daytime | summer | sunny | street | sidewalk | road | pavement | shadow | reflection | number | sign | time period | environmental context
687,1,van | white | minivan | parked | fence | gate | leaves | fallen leaves | tree | pine tree | house | building | sheep | goat | animal | dog | sheepdog,van | white | minivan | parked,fence | gate | leaves | tree | pine tree | house | building | sheep | goat | animal | dog | sheepdog
688,1,jeep | horse | house | brick | concrete | dirt | sand | gravel | construction | building | home | exterior | outdoor | residential | rural | natural | brick house | horse stable | construction site | dirt road | gravel driveway | sandy area | brick chimney | window | door | brown horse | stable | brown,jeep | window | door | brown,horse | house | brick | concrete | dirt | sand | gravel | building | home | outdoor | residential | rural | natural | brick house | dirt road | brown horse
689,1,house | red van | cow | grass | sky | clouds | white house,,house | red van | cow | grass | sky | clouds
690,1,car | white | suv | parked | brick wall | graffiti | sheep | ram,car | white | suv | parked | ram,brick wall | graffiti | sheep
691,1,suv | black | gmc | 2008 | forest | dirt road | grass | trees | sky | clouds | sunny | daytime | outdoors | rural | natural | environment | road | vehicle | transportation | driving | traveling | driving on dirt road | suv driving on dirt road | suv on dirt road | suv on road | suv driving on road | suv driving,suv | black | vehicle | driving,forest | dirt road | grass | trees | sky | clouds | sunny | daytime | outdoors | rural | natural | environment | road | transportation
692,1,house | car | dog | grass | sidewalk | street,car,house | dog | grass | sidewalk | street
693,1,jeep | cow | grass | fence | white | gate | red | black | silver | brown,jeep | white | red | black | silver | brown,cow | grass | fence | gate
694,1,truck | horse | person | picture | lamp | traffic light | pedestrian sign | horse head | orange truck | black horse | white truck | black horse head | white tr,truck | orange truck | white truck,horse | person | lamp | traffic light | horse head
695,1,house | truck | sheep | driveway | grass | sidewalk | sky | street light | fence | gate | dog | car,truck | car,house | sheep | driveway | grass | sidewalk | sky | street light | fence | gate | dog
696,1,truck | white | pickup | chevrolet | silverado | 1500 | 4x4 | passenger | cab | rear | wheel | black | tire | rim | hubcap | silver | house | mansion | palm | tree | green | leaves | columns | arched | doorway | stairs | potted | plant | flowers | red | and blue | flag | fence | gate | jumping | airborne | flying | height | distance | speed | angle | perspective | sky | clouds | blue | yellow | orange | purple | pink | brown | gray,truck | white | pickup | chevrolet | silverado | 4x4 | passenger | wheel | black | tire | rim | hubcap | silver | green | red | blue | yellow | orange | pink | brown | gray,house | tree | leaves | doorway | stairs | flowers | fence | gate | jumping | flying | angle | perspective | sky | clouds | purple
697,1,car | truck | cow | dog | gas station | red | white | black | silver | brown | gray,car | truck | red | white | black | silver | brown | gray,cow | dog | gas station
698,1,truck | chevrolet | silverado | pickup | parked | on road | grass | bushes | trees | sky | clouds | outdoors | daytime | rural | natural | park | garden | flowers | red | pink | green | white | brown | black,truck | chevrolet | silverado | pickup | parked | red | pink | green | white | brown | black,on road | grass | bushes | trees | sky | clouds | outdoors | daytime | rural | natural | park | flowers
699,1,house | truck | horse | tree | fence | stairs | balcony | rail | gate | door | window | deck | staircase,truck | door | window,house | horse | tree | fence | stairs | balcony | gate | deck | staircase
700,1,city | car | cow | dog | building | street | road | traffic light | truck | bus | traffic | skyscraper | tall building | cityscape | urban environment | modern architecture | city life | city view,car | truck,city | cow | dog | building | street | road | traffic light | traffic | skyscraper | tall building | cityscape
701,1,jeep | white | suv | car | vehicle | house | home | building | dog | horse | cow | animal | outdoor | natural | environment | setting | location | indoor/outdoor | urban/rural | sky | clouds | blue | daytime | sunny | bright | clear,jeep | white | suv | car | vehicle | blue,house | home | building | dog | horse | cow | animal | outdoor | natural | environment | setting | location | indoor/outdoor | sky | clouds | daytime | sunny | bright | clear
702,1,truck | car | house | stairs | bush | tree | cow | deer | gate | fence | door | window | houseplant | potted plant | staircase | brick | concrete | driveway | sidewalk | street | grass,truck | car | door | window,house | stairs | bush | tree | cow | deer | gate | fence | houseplant | potted plant | staircase | brick | concrete | driveway | sidewalk | street | grass
703,1,house | garage | car | horse | dog | brick | wood | glass | metal | door | window | fence | gate | tree | bush | grass,car | glass | metal | door | window,house | garage | horse | dog | brick | wood | fence | gate | tree | bush | grass
704,1,car | sheep | dog | road | crosswalk | traffic light | bike | pedestrian | street | pavement | grass | sky,car,sheep | dog | road | traffic light | pedestrian | street | pavement | grass | sky
705,1,van | horse | gate | fence | palm tree | truck | horse head | truck headlights | truck tires | truck door | truck window | truck hood | truck grill | truck bumper | truck mirror | truck side view mirror | truck rear view mirror | truck front bumper | truck tail lights | truck license plate | truck hood ornament | truck emblem | truck logo | truck brand | truck model | truck variant | horse mane | horse tail | horse legs | horse hooves | horse eyes | horse nose | horse mouth | horse ears | horse hair | horse eye | horse ear,van | truck | truck headlights | truck tires | truck door | truck hood | truck grill | truck bumper | truck mirror,horse | gate | fence | palm tree | horse head | horse tail
706,1,car | pink | van | vehicle | transportation | driving | parked | license plate | 2012 | ford | explorer | dog | sheep | animal | livestock | farm | rural | outdoor | geographic hint | time period indicator | environment | black and white photo | vintage | old | historical | artistic | creative | unique | interesting | composition | perspective | framing | contrast | lighting | shadows | textures | details | subtle | partial | reflection | grain | noise | artifacts | imperfections | authenticity | originality | artistic expression | creative vision | photographic skill | technical proficiency | aesthetic appeal | visual impact | emotional response | storytelling | narrative | symbolism | metaphor | cultural context | historical context | social commentary | personal interpretation | artistic interpretation | critical analysis | aesthetic judgment | visual appreciation | artistic value | cultural significance | historical significance | social relevance | personal meaning,car | pink | van | vehicle | driving | parked | license plate | ford | time period indicator,transportation | dog | sheep | animal | farm | rural | outdoor | geographic hint | environment | black and white photo | artistic | creative | composition | perspective | contrast | lighting | shadows | reflection
707,1,car | black | convertible | sports car | luxury car | parked | street | alley | brick | stone | cobblestone | pavement | sidewalk | garbage can | trash can | metal | concrete | shadows | sunlight | street light | lamp post | building | house | window | door | fire escape | stairs,car | black | convertible | sports car | luxury car | parked | metal | window | door,street | alley | brick | stone | cobblestone | pavement | sidewalk | trash can | concrete | shadows | sunlight | street light | lamp post | building | house | stairs
708,1,car | suv | vehicle | black | brown | silver | gray | white | parked | on street | in front of building | on road | in front of a tree | in front of a wall | in front of a door | in front of a window | in front of a building | in front of a fence | in front of a gate | in front of a house | in front of a street light | in front of a fire hydrant | in front of a bench | in front of a truck | in front of a horse | in front of a bear | in front of a dog | in front of a cat | in front of a person | in front of,car | suv | vehicle | black | brown | silver | gray | white | parked,on street | in front of building | on road
709,1,car | blue | dodge | charger | dog | golden retriever | horse | white | door | garage | house | brick | driveway | pavement | asphalt | grass | bush | tree | window | asph,car | blue | dodge | charger | white | door | window,dog | golden retriever | horse | garage | house | brick | driveway | pavement | asphalt | grass | bush | tree
710,1,white truck | white house | brick driveway | grass | trees | sheep | dog | house | truck | driveway,white truck | truck,grass | trees | sheep | dog | house | driveway
711,1,house | garage | car | red car | red suv | red vehicle | red sports car | red sedan | red hatchback | red wagon | red truck | red van | red bus | red train | red airplane | red boat | red bicycle | red motorcycle | red skateboard | red scooter | red surfboard | red snowboard | red skis | red snowshoes | red cross-country skis | red downhill skis | red kite | red balloon | red banner | red flag | red ribbon | red bow | red gift | red rose | red carnation | red tulip | red daisy | red lily | red orchid | red poppy | red sunflower | red daffodil | red iris | red tul,car | red car | red sports car | red truck,house | garage | red van
712,1,car | suv | pig | sheep | brick | concrete | stone | tile | driveway | garage | door | gate | fence | bush | tree | pole | wire,car | suv | door,sheep | brick | concrete | stone | driveway | garage | gate | fence | bush | tree | pole
713,1,truck | car | sheep | fan | door | chair | umbrella | lamp | potted plant | car tire | truck tire | car t,truck | car | door | car tire | truck tire,sheep | chair | umbrella | lamp | potted plant
714,1,house | truck | grass | bushes | flowers | trees | fence | door | window | brick | siding | garage | driveway | sidewalk | red mulch | white truck | black tire | silver rim | white,truck | door | window | white truck | black tire | white,house | grass | bushes | flowers | trees | fence | brick | garage | driveway | sidewalk
715,1,car | street | traffic light | seagull | dog | street light | building | street sign | traffic light pole | street sign pole | street sign post | traffic light post | traffic light arm | traffic light head | street sign arm | street sign head,car,street | traffic light | seagull | dog | street light | building | street sign
716,1,truck | city | sky | building | balloon | train tracks,truck,city | sky | building
717,1,suv | house | garage | palm tree | sky | clouds | blue | white | green | red | yellow | orange | pink | purple | black | gray,suv | blue | white | green | red | yellow | orange | pink | black | gray,house | garage | palm tree | sky | clouds | purple
718,1,door | garage door | truck | car | sheep | dog | white | blue | black | tan | brown,door | truck | car | white | blue | black | tan | brown,garage door | sheep | dog
719,1,car | red | suv | brick wall | horse | head | shadow | brick | alley | dark | night | street light | lamp post | light | horse's head | street,car | red | suv,brick wall | horse | head | shadow | brick | alley | dark | night | street light | lamp post | light | street
720,1,truck | house | tree | dog | car | garage | door | gate | fence | grass | bush | flowers | leaves | branches,truck | car | door,house | tree | dog | garage | gate | fence | grass | bush | flowers | leaves | branches
721,1,white van | cow | church | building | street | sky | cross | tower | yellow building | cow statue | white truck | cow picture | cow image | cow photo | cow sculpture | cow statue on building | cow on building | cow on wall | cow on side of building | cow on side of street | cow on side of road | cow on side of street sign | cow on side of street sign post | cow on side of street sign post with white truck | cow on side of street sign post with white van | cow on side of street sign post with white truck and white van | cow on side of street sign post with white truck and white van in the air | cow on side of street sign post with white truck and white van in the air and cow statue | cow statue on side of street sign post with white truck and white van in the air | cow statue on side of street sign post with white truck and white van in the air and cow on side of street sign post with white truck and white van in the air,white van | white truck,cow | building | street | sky | tower
722,1,chevrolet | truck | black | silver | grill | headlights | tail lights | license plate | cow | horse | fence | gate | house | tree | street | dirt road | sunny day | outdoor | rural | natural | daytime | summer | sunny | warm,chevrolet | truck | black | silver | grill | headlights | tail lights | license plate,cow | horse | fence | gate | house | tree | street | dirt road | sunny day | outdoor | rural | natural | daytime | summer | sunny
723,1,truck | white | pickup | toyota | tacoma | brick | wall | building | alley | street | road | graffiti | dog | goat | sheep,truck | white | pickup | toyota,brick | wall | building | alley | street | road | graffiti | dog | goat | sheep
724,1,car | suv | building | apartment | window | balcony | tree | horse | dog | deer | sky | clouds | grass | flowers | leaves | branches,car | suv | window,building | balcony | tree | horse | dog | deer | sky | clouds | grass | flowers | leaves | branches
725,1,garage | door | car | truck | white | tan | brown | dog | cat | palm tree | house | doorway | garage door | car door | truck door | white car | tan truck | brown dog | cat door,door | car | truck | white | tan | brown | car door | truck door | white car,garage | dog | cat | palm tree | house | doorway | garage door
726,1,house | garage | truck | bird | tree | flowers | grass | driveway | sidewalk | house exterior | garage door | truck exterior | bird flying | tree branches | leaves | flowers in a pot | grass on the ground | outdoor setting | residential area | daytime | sunny day | no people visible,truck,house | garage | bird | tree | flowers | grass | driveway | sidewalk | house exterior | garage door | leaves | outdoor setting | daytime | sunny day
727,1,truck | white | pickup | garage | house | tree | power lines | horse | fence | gate | metal | concrete | driveway | sidewalk | grass | bush,truck | white | pickup | metal,garage | house | tree | power lines | horse | fence | gate | concrete | driveway | sidewalk | grass | bush
728,1,car | silver | compact | parked | driveway | house | potted plant | bush | tree | palm tree | sidewalk | concrete | curb | grass,car | silver | compact | parked,driveway | house | potted plant | bush | tree | palm tree | sidewalk | concrete | grass
729,1,gas station | car | truck | bear | pump | hose | gas can | pump handle | gas pump | gas station sign | gas station logo | gas station name | gas station number | gas station hours | gas station price,car | truck,gas station | bear | pump | gas pump
730,1,house | car | dog | bear | tree | grass | fence | garage | door | window | brick | gar,car | door | window,house | dog | bear | tree | grass | fence | garage | brick
731,1,house | car | horse | tree | bush | grass | driveway | street | sidewalk,car,house | horse | tree | bush | grass | driveway | street | sidewalk
732,1,house | red car | dog | basketball hoop | grass | driveway | garage | brick house,red car,house | dog | grass | driveway | garage | brick house
733,1,white van | cow | house | driveway | garage | gate | fence | bushes | flowers | grass | brick driveway | cement | stone | tiles | concrete | gravel | asphalt | brick,white van,cow | house | driveway | garage | gate | fence | bushes | flowers | grass | cement | stone | concrete | gravel | asphalt | brick
734,1,car | brick wall | building | dog | sheep | truck,car | truck,brick wall | building | dog | sheep
735,1,gas pump | car | gas station | service station | pump | fuel | gas | vehicle | black | suv | truck | sheep | goat,car | vehicle | black | suv | truck,gas pump | gas station | pump | sheep | goat
736,1,house | tree | car | sheep | dog | fence | door | grass | sidewalk | driveway | street,car | door,house | tree | sheep | dog | fence | grass | sidewalk | driveway | street
737,1,red car | sheep | fence | gate | road | grass | trees | sky | black and white photo | outdoor | natural | daytime | no people | no animals | no text | no logos | no symbols | no numbers | no signs | no subtle details | no partially visible objects | no reflections | no shadows,red car,sheep | fence | gate | road | grass | trees | sky | black and white photo | outdoor | natural | daytime | no people | no animals | no text | no logos | no symbols | no numbers | no signs | no subtle details | no partially visible objects | no reflections | no shadows
738,1,white van | cow | tree | grass | sky | clouds | truck | dog | hill | road,white van | truck,cow | tree | grass | sky | clouds | dog | hill | road
739,1,car | house | stairs | cow | dog | grass | dirt | fence | tree,car,house | stairs | cow | dog | grass | dirt | fence | tree
740,1,truck | cow | door | gate | building | archway | tree | leaves | doorway | truck door | truck hood | truck grill | truck tire | truck bumper | truck headlight | truck tail light | truck brake light | truck license plate | truck mirror | truck side mirror | truck rear view mirror | truck rear view | truck rear view camera | truck rear view system | truck rear view monitor | truck rear view display | truck rear view camera system | truck rear view camera monitor | truck rear view camera display | truck rear view camera system monitor | truck rear view camera system display | truck rear view camera system monitor display,truck | door | truck door | truck hood | truck grill | truck tire | truck bumper | truck mirror,cow | gate | building | archway | tree | leaves | doorway
741,1,car | black | dodge charger | parked | street | brick | cobblestone | alley | building | street light | white | cow | brown | head | horns | tail,car | black | parked | white | brown,street | brick | cobblestone | alley | building | street light | cow | head | horns | tail
742,1,car | horse | house | path | bushes | grass | leaves | tree | fence | door | window | wall | sidewalk | driveway | street | white | black,car | door | window | white | black,horse | house | path | bushes | grass | leaves | tree | fence | wall | sidewalk | driveway | street
743,1,house | garage | car | cow | tree | leaves | grass | driveway | door | window | brick | stone | wood | metal | glass | doorbell | mailbox | trash can,car | door | window | metal | glass,house | garage | cow | tree | leaves | grass | driveway | brick | stone | wood | mailbox | trash can
744,1,house | garage | horse | truck | door | window | grass | tree | sky | clouds,truck | door | window,house | garage | horse | grass | tree | sky | clouds
745,1,stairs | steps | red wall | orange wall | white truck | black truck | dog | horse | staircase | alley | street | concrete | dirt | puddle | plant | stairwell | stairwell door | stairwell doorway | stairwell doorway door | stairwell doorway doorway | stairwell doorway doorway door | stair,white truck,stairs | steps | dog | horse | staircase | alley | street | concrete | dirt
746,1,white car | cow | truck | grass | tree | house | driveway | sidewalk | street | outdoor | residential | daytime | sunny | no people | no animals | no birds | no flowers | no cars | no trucks,white car | truck,cow | grass | tree | house | driveway | sidewalk | street | outdoor | residential | daytime | sunny | no people | no animals | no birds | no flowers
747,1,house | car | sheep | tree | building,car,house | sheep | tree | building
748,1,ford | truck | concrete | road | sheep | dog | house | fence | grass | trees | car | license plate | headlights | tail lights | grill | wheels | concrete slab | gravel | driveway | sidewalk | road construction | cement | pavement | asphalt | concrete curb | curb,ford | truck | car | license plate | headlights | tail lights | grill,concrete | road | sheep | dog | house | fence | grass | trees | gravel | driveway | sidewalk | cement | pavement | asphalt
749,1,car | white | suv | honda | license plate | 2013 | silver | black | red | yellow | green | blue | gray,car | white | suv | honda | license plate | silver | black | red | yellow | green | blue | gray,
750,1,car | silver | minivan | van | vehicle | road | highway | tree | pine tree | forest | woods | truck | yellow | roadside | background | leaves | autumn leaves | season | fall | outdoor | natural | environment | setting | time period | daytime | sunny | weather | clear | sky | blue | day,car | silver | minivan | van | vehicle | truck | yellow | blue,road | highway | tree | pine tree | forest | woods | roadside | background | leaves | season | fall | outdoor | natural | environment | setting | time period | daytime | sunny | weather | clear | sky | day
751,1,truck | car | truck cab | truck bed | truck tires | truck wheels | truck grill | truck headlights | truck tail lights | truck brake lights | truck turn signals | truck mirrors | truck windshield | truck door | truck hood | truck engine | truck exhaust | truck bumper | truck bed cover | truck bed liner | truck bed rails | truck bed toolbox | truck bed tool | truck bed toolbox cover | truck bed toolbox lock | truck bed toolbox liner | truck bed toolbox divider | truck bed toolbox divider cover | truck bed toolbox divider lock | truck bed toolbox divider liner | truck bed toolbox divider liner cover | truck bed toolbox divider liner lock,truck | car | truck cab | truck bed | truck tires | truck grill | truck headlights | truck door | truck hood | truck bumper | truck bed cover,
752,1,car | silver | suv | honda | license plate | 315 | 315 ave | 315th ave | 315th | 3,car | silver | suv | honda | license plate,
753,1,van | white | cargo | truck | car | road | forest | trees | leaves | grass | fire hydrant | red | orange | yellow | green | blue | black | gray,van | white | truck | car | red | orange | yellow | green | blue | black | gray,road | forest | trees | leaves | grass | fire hydrant
754,1,car | silver | suv | volvo | parked | night | trees | dark | sky | stars | moon | nighttime | parking lot | street,car | silver | suv | parked,volvo | night | trees | dark | sky | stars | moon | nighttime | parking lot | street
755,1,truck | truck cab | truck bed | truck tires | truck wheels | truck grill | truck hood | truck door | truck window | truck mirror | truck bumper | truck headlights | truck tail lights | truck brake lights | truck turn signals | truck side mirrors | truck spare tire | truck toolbox | truck bed cover | truck bed toolbox | truck bed toolbox cover | truck bed toolbox lock | truck bed toolbox lock cover | truck bed toolbox lock cover plate | truck bed toolbox lock cover plate bolt | truck bed toolbox lock cover plate bolt cover | truck bed toolbox lock cover plate bolt cover plate | truck bed toolbox lock cover plate bolt cover plate bolt | truck bed toolbox lock cover plate bolt cover plate bolt cover plate bolt | truck bed toolbox lock cover plate bolt cover plate bolt cover plate bolt cover plate bolt | truck bed toolbox lock cover plate bolt cover plate bolt cover plate bolt cover plate bolt cover plate bolt cover plate bolt cover plate b,truck | truck cab | truck bed | truck tires | truck grill | truck hood | truck door | truck mirror | truck bumper | truck headlights | truck bed cover,
756,1,car | silver | minivan | parked | on road | in front of mountains | in front of a sign | on a highway | in a rural area | during daytime,car | silver | minivan | parked,on road
757,1,truck | red fire hydrant | road | mountains | trees | grass | fence | chain link fence | dirt road | grassy area | green grass | white cap | silver truck | black tire | white tire | white,truck | black tire | white,road | mountains | trees | grass | fence | dirt road | grassy area | green grass
758,1,car | orange | chevrolet | suv | fire hydrant | blue | silver | road | pavement | grass | trees | foggy | rain | orange car | chevrolet suv | blue and silver fire hydrant | fire hyd,car | orange | chevrolet | suv | blue | silver,fire hydrant | road | pavement | grass | trees | foggy
759,1,suv | blue | volvo | driving | desert | sand | dirt road | sky | clear | daytime | outdoor | natural | environment | desert landscape | sandy terrain | sky background | daytime lighting | outdoor setting | natural environment,suv | blue | driving,volvo | desert | sand | dirt road | sky | clear | daytime | outdoor | natural | environment | desert landscape | outdoor setting | natural environment
760,1,stop sign | white car | mountain | cliff | road | rock | dirt | grass | mountain range | water | dam | bridge | mountain goat | rocky terrain | steep hill | mountain pass | mountain road | mountain view | mountain landscape | mountain scenery | mountainous area | mountainous terrain | mountainous region | mountainous landscape | mountainous scenery | mountainous view | mountainous environment | mountainous setting | mountainous location | mountainous geography,white car,stop sign | mountain | cliff | road | rock | dirt | grass | mountain range | water | bridge | mountain goat | rocky terrain | mountain pass
761,1,car | suv | chevrolet | black | purple | parked | grass | bushes | trees | clouds | sky | street sign | e,car | suv | chevrolet | black | parked,purple | grass | bushes | trees | clouds | sky | street sign
762,1,stop sign | red truck,red truck,stop sign
763,1,red truck | mountain | road | traffic light | green leaves | yellow line | red,red truck | red,mountain | road | traffic light | green leaves | yellow line
764,1,drudd hills | truck | white | silver | pickup | desert | road | highway | mountain | dirt | gravel | sand | truck tire | license plate | headlights | grill | hood | windshield | wipers | steering wheel | dashboard | truck bed | tailgate | road sign | blue sign | white sign | mountain range | desert landscape | dirt road | gravel road | sandy road,truck | white | silver | pickup | truck tire | license plate | headlights | grill | hood | windshield | wipers | steering wheel | dashboard | truck bed,desert | road | highway | mountain | dirt | gravel | sand | road sign | mountain range | desert landscape | dirt road | gravel road
765,1,van | car | vehicle | truck | taxi | traffic light | street | road | highway | sunset | sky | clouds | trees | mountains | sun | moon | night | dark | bright | light | green | red | yellow | white | black | silver | red light | green light | stop light | traffic signal | crosswalk | pedestrian | road sign | street sign | traffic sign | road marking | lane divider | road divider | road marker,van | car | vehicle | truck | green | red | yellow | white | black | silver,traffic light | street | road | highway | sunset | sky | clouds | trees | mountains | sun | moon | night | dark | bright | light | red light | green light | traffic signal | pedestrian | road sign | street sign | traffic sign | road marking | road marker
766,1,car | red | sedan | race | road | pine trees | forest | grass | dirt | sky | trees,car | red | sedan,road | pine trees | forest | grass | dirt | sky | trees
767,1,truck | black | suv | gratiot | street sign | road | trees | forest | woods | forest road | gravel | pavement | highway | country road | rural | natural | geographic hints | time period indicators | environmental context | text | gratiot street sign | logo | symbol | brand | number | sign | subtle details | partially visible objects | reflections | shadows,truck | black | suv | logo | brand,street sign | road | trees | forest | woods | gravel | pavement | highway | country road | rural | natural | geographic hints | time period indicators | environmental context | text | number | sign | subtle details | partially visible objects | reflections | shadows
768,1,stop sign | black van | trees | road | grass | sky,,stop sign | trees | road | grass | sky
769,1,white car | van | truck | suv | vehicle | driving | road | highway | mountain | rock | cliff | forest | trees | grass | sky | clouds | blue | yellow | orange | red | white | black | gray | silver,white car | van | truck | suv | vehicle | driving | blue | yellow | orange | red | white | black | gray | silver,road | highway | mountain | rock | cliff | forest | trees | grass | sky | clouds
770,1,truck | ford | suv | silver | black | white | windshield | wipers | hood | grill | headlights | tires | grass | path | fire hydrant | red | yellow | orange | green | blue | gray | cloudy | sky | grassy | field | hill | dirt | trail | road | sidewalk | fence | gate | bench | bird | seagull | flower | rose | dog | golden retriever | cat | golden,truck | ford | suv | silver | black | white | windshield | wipers | hood | grill | headlights | tires | red | yellow | orange | green | blue | gray,grass | path | fire hydrant | cloudy | sky | grassy | field | hill | dirt | trail | road | sidewalk | fence | gate | bench | bird | seagull | flower | rose | dog | golden retriever | cat
771,1,suv | black | blue | silver | white | off-road | desert | dirt road | gravel | mountains | sky | daytime | sunny | outdoor | natural | rural | off-road vehicle | four-wheel drive | luxury | sport utility vehicle | cadillac,suv | black | blue | silver | white | off-road | off-road vehicle | luxury,desert | dirt road | gravel | mountains | sky | daytime | sunny | outdoor | natural | rural
772,1,suv | silver | parked | snowy | road | forest | trees | snow | fire hydrant | red | white | gray | black,suv | silver | parked | red | white | gray | black,snowy | road | forest | trees | snow | fire hydrant
773,1,truck | suv | snow | trees | forest | road | pavement | vehicle | car | su,truck | suv | vehicle | car,snow | trees | forest | road | pavement
774,1,suv | car | truck | sign | road | highway | mountain | dirt | grass | sand | sky | clouds | sunset | sunrise | daytime | nighttime | outdoors | rural | natural | desert | mountainous | geographic hints | time period indicators | environmental context,suv | car | truck,sign | road | highway | mountain | dirt | grass | sand | sky | clouds | sunset | sunrise | daytime | nighttime | outdoors | rural | natural | desert | mountainous | geographic hints | time period indicators | environmental context
775,1,red car | van | vehicle | carrier | transportation | automobile | red carrier | red van | red vehicle,red car | van | vehicle | automobile,transportation | red van
776,1,bmw | white | suv | off-road | desert | dirt road | fire hydrant | silver | concrete | rocky terrain | mountainous | outdoor | natural | daytime | sunny | clear sky | no people | no animals | no visible text | no visible logos | no visible symbols | no visible numbers | no visible signs | no visible reflections | no visible shadows,bmw | white | suv | off-road | silver,desert | dirt road | fire hydrant | concrete | rocky terrain | mountainous | outdoor | natural | daytime | sunny | no people | no animals | no visible text | no visible logos | no visible numbers | no visible signs | no visible reflections | no visible shadows
777,1,stop sign | white jeep | stop sign pole | road | trees | stop,,stop sign | stop sign pole | road | trees | stop
778,1,suv | truck | car | vehicle | mountain | hill | road | dirt | gravel | grass | trees | mountains | hills | dirt road | gravel road | grassy hill | mountains in the background | hills in the background | dirt road in the foreground | gravel road in the foreground | grassy hill in the foreground | mountains in the distance | hills in the distance | dirt road in the distance | gravel road in the distance | grassy hill in the distance | dirt road in the background | gravel road in the background | grassy hill in the background | suv with a canopy on top | truck with a canopy on top | car with a canopy on top | vehicle with a canopy on top,suv | truck | car | vehicle,mountain | hill | road | dirt | gravel | grass | trees | mountains | hills | dirt road | gravel road | grassy hill
779,1,car | truck | fire hydrant | grass | road | palm tree | red | white | black | silver | tan | green,car | truck | red | white | black | silver | tan | green,fire hydrant | grass | road | palm tree
780,1,truck | white | pickup | chevrolet | silverado | cloudy sky | grass | field | road | highway | truck driving | truck flying | truck in air | truck in sky | truck in grass | truck in field,truck | white | pickup | chevrolet | silverado,cloudy sky | grass | field | road | highway
781,1,truck | red | pickup | rock formation | mountain | road | highway | fire hydrant | pink | water tower | artificial | roadside | landscape | desert | rock | mountain range | sunset | sky | clouds | sun | outdoor | natural | geographic | time period | environment | evening | scenery | road trip | adventure | travel | exploration | outdoor activity | nature | landscape photography | roadside attraction | tourist destination | roadside stop | roadside rest | roadside rest area | roadside cafe | roadside shop | roadside museum | roadside park | roadside monument | roadside memorial | roadside art | roadside landmark | roadside point of interest | roadside point of view | roadside perspective | roadside vantage point | roadside view | roadside scenery | roadside landscape | roadside photo | roadside picture | roadside image | roadside shot | roadside viewpoint | roadside vantage | roadside angle,truck | red | pickup | pink,mountain | road | highway | fire hydrant | roadside | landscape | desert | rock | mountain range | sunset | sky | clouds | sun | outdoor | natural | geographic | time period | environment | evening | scenery | adventure | travel | exploration | nature
782,1,van | marginal st | mountain | white | truck | road | dirt | dust | wind | mountain range | desert | landscape | road sign | street sign | green | black | silver | mercedes | benz,van | white | truck | green | black | silver | mercedes,mountain | road | dirt | wind | mountain range | desert | landscape | road sign | street sign
783,1,stop sign | truck | road | sky | power lines | telephone pole | grass | dirt | road sign | stop sign pole | truck tires | truck grill | truck headlights | truck hood | truck door | truck bed | truck cab | truck bed cover | truck bumper | truck wheels,truck | truck tires | truck grill | truck headlights | truck hood | truck door | truck bed | truck cab | truck bed cover | truck bumper,stop sign | road | sky | power lines | telephone pole | grass | dirt | road sign | stop sign pole
784,1,truck | fire hydrant | road | mountains | sky | grass | bushes | trees | hills | dirt | gravel | flowers | clouds,truck,fire hydrant | road | mountains | sky | grass | bushes | trees | hills | dirt | gravel | flowers | clouds
785,1,truck | white | pickup | forest | road | trees | green | grass | leaves | traffic light | black | yellow | red | stop sign,truck | white | pickup | green | black | yellow | red,forest | road | trees | grass | leaves | traffic light | stop sign
786,1,van | car | vehicle | transportation | road | street | trees | forest | woods | sky | clouds | blue | white | red | black | silver | gray | green | yellow | orange | pink,van | car | vehicle | blue | white | red | black | silver | gray | green | yellow | orange | pink,transportation | road | street | trees | forest | woods | sky | clouds
787,1,truck | jeep | tom jones | highway | mountain | lake | trees | grass | dirt | gravel | road | landscape | outdoor | natural | rural | mountains | tre,truck | jeep,highway | mountain | lake | trees | grass | dirt | gravel | road | landscape | outdoor | natural | rural | mountains
788,1,truck | fire hydrant | mountains | hills | trees | grass | dirt | sky | clouds | d,truck,fire hydrant | mountains | hills | trees | grass | dirt | sky | clouds | d
789,1,suv | car | vehicle | truck | tree | grass | hill | road | path | cloudy sky | blue sky | white clouds | green grass | brown grass | dirt | fire hydrant | water hydrant | cloud | sky | cloudy,suv | car | vehicle | truck,tree | grass | hill | road | path | cloudy sky | blue sky | white clouds | green grass | dirt | fire hydrant | cloud | sky | cloudy
790,1,car | vehicle | suv | truck | traffic light | stop sign | road | street | mountain | hill | cloudy | foggy | green | grass | trees | forest | mountain range | outdoor | natural | rural | landscape | environment | geographic | time period | weather | season | daytime | sunny | mountainous | scenic | picturesque,car | vehicle | suv | truck | green,traffic light | stop sign | road | street | mountain | hill | cloudy | foggy | grass | trees | forest | mountain range | outdoor | natural | rural | landscape | environment | geographic | time period | weather | season | daytime | sunny | mountainous | scenic | picturesque
791,1,car | vehicle | brown | suv | mountain | cliff | rock | sky | clouds | mountain range | road | highway | curb | guard rail | white line | lane divider | mountain pass | winding road | scenic | landscape | outdoor | natural | geographic | time of day | daytime | sunny | clear | no people | no traffic | no animals | no birds | no flowers | no trees | no buildings | no signs | no text | no logos | no symbols | no numbers | no reflections | no shadows,car | vehicle | brown | suv,mountain | cliff | rock | sky | clouds | mountain range | road | highway | white line | mountain pass | scenic | landscape | outdoor | natural | geographic | time of day | daytime | sunny | clear | no people | no traffic | no animals | no birds | no flowers | no trees | no buildings | no signs | no text | no logos | no symbols | no numbers | no reflections | no shadows
792,1,truck | sun | clouds | sky | grass | road | field | sunlight | shadows | flowers | birds | fire hydrant,truck,sun | clouds | sky | grass | road | field | sunlight | shadows | flowers | birds | fire hydrant
793,1,stop sign | truck | road | flowers | grass | mountains | trees | bushes | dirt road | stop sign on pole | stop sign on road | stop sign on side of road | stop sign on side of street | stop sign on side of highway | stop sign on side of roadway | stop sign on side of street corner | stop sign on side of street intersection | stop sign on side of street junction | stop sign on side of street turn | stop sign on side of street exit | stop sign on side of street entrance | stop sign on side of street roundabout | stop sign on side of street overpass | stop sign on side of street underpass | stop sign on side of street bridge | stop sign on side of street tunnel,truck,stop sign | road | flowers | grass | mountains | trees | bushes | dirt road | stop sign on pole | stop sign on road
794,1,white truck | red tailgate | white sign | blue sign | green trees,white truck,
795,1,car | silver | honda | sedan | road | pavement | paved | lane | highway | tree | bush | fire hydrant | red | orange | yellow | white | black | gray | paved road,car | silver | honda | sedan | red | orange | yellow | white | black | gray,road | pavement | paved | lane | highway | tree | bush | fire hydrant | paved road
796,1,car | black | suv | tree | green | truck | white | road | dirt | grass | building | house | traffic light | yellow | red | stop sign,car | black | suv | green | truck | white | yellow | red,tree | road | dirt | grass | building | house | traffic light | stop sign
797,1,van | truck | stop sign | road | dirt road | grass | trees | mountains | power lines | fence,van | truck,stop sign | road | dirt road | grass | trees | mountains | power lines | fence
798,1,car | gray | suv | toyota | license plate | 4x4 | forest | trees | green | red | yellow | traffic light | stop sign | grass | dirt road | path | woods | sky | sunny | daytime | outdoors | natural | environment | landscape | scenery | rural | setting | geographic hints | time period indicators | no people | no animals | no text | no logos | no symbols | no numbers | no signs | no subtle details | no reflections | no shadows,car | gray | suv | toyota | license plate | 4x4 | green | red | yellow,forest | trees | traffic light | stop sign | grass | dirt road | path | woods | sky | sunny | daytime | outdoors | natural | environment | landscape | scenery | rural | setting | geographic hints | time period indicators | no people | no animals | no text | no logos | no symbols | no numbers | no signs | no subtle details | no reflections | no shadows
799,1,car | red | chevrolet | suv | tree | green | grass | road | dirt | yellow | sign | pedestrian | walking | road sign | caution | warning | field | sky | blue | clouds | sunny | day | outdoors | country | rural | nature | environment | landscape | scenery | roadside | path | trail | dirt road | grassy area | sky background | sunlight | daytime | outdoor setting | natural environment | country setting | rural landscape | grassy path | sunny day | outdoor location | natural surroundings | country road | rural setting | outdoor scene | country landscape | d,car | red | chevrolet | suv | green | yellow | blue,tree | grass | road | dirt | sign | pedestrian | walking | road sign | caution | field | sky | clouds | sunny | day | outdoors | country | rural | nature | environment | landscape | scenery | roadside | path | trail | dirt road | grassy area | sunlight | daytime | outdoor setting | natural environment | sunny day | country road | rural setting | d
800,1,rock | mountain | car | jeep | sign | road | highway | trees | mountains | snow | clouds | sky | grass | dirt | hill | cliff | mountain peak | mountain range | forest | pine trees | evergreen trees | mountain top | mountain side | mountain view | mountain pass | mountain road | mountain trail | mountain pass road | mountain pass trail | mountain pass highway | mountain pass sign | mountain pass signpost | mountain pass direction sign | mountain pass direction signpost,car | jeep,rock | mountain | sign | road | highway | trees | mountains | snow | clouds | sky | grass | dirt | hill | cliff | mountain range | forest | pine trees | mountain pass
801,1,stop sign | car | stop sign pole | stop sign post | stop sign sign | stop sign signpost | stop sign signboard | stop sign signboard pole | stop sign signboard post | stop sign signboard post pole | stop sign signboard pole post | stop sign signboard pole post pole | stop sign signboard pole post post | stop sign signboard pole post post pole | stop sign signboard pole post post pole post,car,stop sign | stop sign pole | stop sign post | stop sign sign | stop sign signboard
802,1,stop sign | red | metal | road | stop | traffic | sign | road sign,red | metal,stop sign | road | stop | traffic | sign | road sign
803,1,car | red | hatchback | parked | foggy | road | paved | curvy | leaves | fallen | red fire hydrant | metal,car | red | hatchback | parked | metal,foggy | road | paved | leaves
804,1,stop sign | red car | mountain | desert | road | stop sign pole | stop sign post | stop sign sign | stop sign on road | stop sign on highway | stop sign on street | stop sign on roadway | stop sign on freeway | stop sign on interstate,red car,stop sign | mountain | desert | road | stop sign pole | stop sign post | stop sign sign | stop sign on road | stop sign on street
805,1,stop sign | truck | barn | clouds | sky | grass | trees | stop sign pole,truck,stop sign | barn | clouds | sky | grass | trees | stop sign pole
806,1,car | vehicle | gray | jeep | parked | road | paved | wet | forest | trees | evergreen | hill | grass | no parking | sign | yellow | no entry | no stopping,car | vehicle | gray | jeep | parked | yellow,road | paved | forest | trees | evergreen | hill | grass | no parking | sign
807,1,car | black | suv | truck | desert | mountains | road | bridge | sign | triangle | road sign | highway | desert road | mountain range | sand | dirt | rocky terrain | vehicle | tire | wheel | rim | hubcap | sand dune | rock | dirt road | mountain | desert landscape | roadside | vehicle accident | tire blowout | desert environment | highway sign | triangle sign | rocky,car | black | suv | truck | vehicle | tire | wheel | rim | hubcap,desert | mountains | road | bridge | sign | road sign | highway | mountain range | sand | dirt | rocky terrain | rock | dirt road | mountain | desert landscape | roadside | highway sign | rocky
808,1,white car | suv | truck | jeep | vehicle | tire | wheel | grass | road | dirt | sky | trees | power lines | sign | pole,white car | suv | truck | jeep | vehicle | tire | wheel,grass | road | dirt | sky | trees | power lines | sign | pole
809,1,car | suv | road | forest | trees | mountain | red stop sign | green car | black car | headlights | tires | road sign | stop sign | red sign,car | suv | black car | headlights | tires,road | forest | trees | mountain | red stop sign | road sign | stop sign
810,1,jeep | red | parked | on road | pennsylvania | street sign | green | grass | trees | park | outdoor | natural | daytime | cloudy | sky | white clouds | blue sky | green grass,jeep | red | parked | green,on road | street sign | grass | trees | park | outdoor | natural | daytime | cloudy | sky | white clouds | blue sky | green grass
811,1,van | white | minivan | passenger | vehicle | road | dirt | grass | trees | mountains | hills | sky | blue | green | tan | rock | boulder | pine tree | evergreen | dirt road | trail | path | mountain | hill,van | white | minivan | passenger | vehicle | blue | green | tan,road | dirt | grass | trees | mountains | hills | sky | rock | pine tree | evergreen | dirt road | trail | path | mountain | hill
812,1,van | white | passenger | vehicle | transportation | road | path | forest | trees | leaves | sunlight | sunset | parked | stop sign | parking meter | outdoor | natural | daytime,van | white | passenger | vehicle | parked,transportation | road | path | forest | trees | leaves | sunlight | sunset | stop sign | parking meter | outdoor | natural | daytime
813,1,car | white | suv | truck | vehicle | road | street | sky | neon | green | yellow | red | blue | purple | orange | pine trees | forest | night | stars | traffic light | stop sign | road sign | roadside | trees | clouds,car | white | suv | truck | vehicle | green | yellow | red | blue | orange,road | street | sky | purple | pine trees | forest | night | stars | traffic light | stop sign | road sign | roadside | trees | clouds
814,1,stop sign | red car | grass | road | fence | trees | sky | clouds | red,red car | red,stop sign | grass | road | fence | trees | sky | clouds
815,1,car | blue | hatchback | parked | grassy area | trees | bushes | mountains | dirt road | lamp post | street light | green | tall,car | blue | hatchback | parked | green,grassy area | trees | bushes | mountains | dirt road | lamp post | street light | tall
816,1,car | silver | convertible | luxury | sunny day | road | yellow | lamp post | street light | sun | shine | trees | forest | sunlight | sun rays | bright | clear | daytime | outdoors | natural | sunny | daylight | sunny daytime,car | silver | convertible | luxury | yellow,sunny day | road | lamp post | street light | sun | trees | forest | sunlight | bright | clear | daytime | outdoors | natural | sunny | daylight
817,1,car | truck | vehicle | toyota | suv | van | road | street | sign | blue | white | black | yellow | green | red | man | woman | toilet | bathroom | road sign | toilet sign | men's room | women's room | bathroom sign | trees | forest | mountains | rock | cliff | bush | grass | leaves | sky | sunlight | shade | daytime | outdoor | natural | environment | setting | location | time period | geographic hints | urban | rural | tree,car | truck | vehicle | toyota | suv | van | blue | white | black | yellow | green | red,road | street | sign | man | road sign | trees | forest | mountains | rock | cliff | bush | grass | leaves | sky | sunlight | shade | daytime | outdoor | natural | environment | setting | location | time period | geographic hints | urban | rural | tree
818,1,car | suv | van | parking meter | cloudy sky | field | grass | trees | sky | vehicle | transportation | outdoor | natural | daytime | cloudy | gray | white | blue | black | silver | red,car | suv | van | vehicle | gray | white | blue | black | silver | red,parking meter | cloudy sky | field | grass | trees | sky | transportation | outdoor | natural | daytime | cloudy
819,1,car | white | suv | gmc | foggy | forest | trees | road | sign | no parking | no stopping | no par,car | white | suv,foggy | forest | trees | road | sign | no parking
820,1,car | green | minivan | van | vehicle | trash can | yellow | can | garbage can | outdoor | dirt | road | gravel | grass | trees | forest | sky | clouds | blue | white | orange | red | black | silver | gray | tan | brown,car | green | minivan | van | vehicle | yellow | blue | white | orange | red | black | silver | gray | tan | brown,trash can | outdoor | dirt | road | gravel | grass | trees | forest | sky | clouds
821,1,blue car | red fire hydrant | trees | grass | dirt road | sky,blue car,trees | grass | dirt road | sky
822,1,lift | plow | blade | jeep | white | truck | lift plow blade | road | grass | trees | sky | clouds | sign | orange | caution | road sign | road sign with orange background | road sign with orange background and black letters,jeep | white | truck | orange,road | grass | trees | sky | clouds | sign | caution | road sign
823,1,suv | black | parked | outside | house | palm tree | white | trunk | door | hood | windshield | wipers | tires | license plate | garage | statue | bird | tree,suv | black | parked | white | trunk | door | hood | windshield | wipers | tires | license plate,outside | house | palm tree | garage | statue | bird | tree
824,1,truck | black | chevrolet | silverado | pickup | tree | pine | forest | road | dirt | trail | light | stop | sign | traffic | orange | glowing | car | tire | wheel | brake,truck | black | chevrolet | silverado | pickup | orange | car | tire | wheel,tree | pine | forest | road | dirt | trail | light | stop | sign | traffic
825,1,bmw | suv | white | parked | road | forest | trees | yellow sign | fire hydrant | road sign | roadside | forest road | country road | rural | natural | outdoor | daytime | sunny | clear | no people | no animals | no vehicles | no buildings | no traffic | no shadows | no reflections | no text | no logos | no symbols | no numbers | no signs | no subtle details | no partially visible objects,bmw | suv | white | parked,road | forest | trees | yellow sign | fire hydrant | road sign | roadside | country road | rural | natural | outdoor | daytime | sunny | clear | no people | no animals | no buildings | no traffic | no shadows | no reflections | no text | no logos | no symbols | no numbers | no signs | no subtle details | no partially visible objects
826,1,stop sign | car | tree | road | grass | sky | clouds | stop war sign,car,stop sign | tree | road | grass | sky | clouds
827,1,suv | car | vehicle | road | highway | gravel | grass | field | sign | pole | yellow | black | white | red | blue | green | orange | gray | silver,suv | car | vehicle | yellow | black | white | red | blue | green | orange | gray | silver,road | highway | gravel | grass | field | sign | pole
828,1,truck | blue | pickup | give way | sign | road | dirt | grass | sky | clouds | give way sign | road sign,truck | blue | pickup,sign | road | dirt | grass | sky | clouds | road sign
829,1,suv | car | vehicle | mountain | hill | desert | rocky terrain | sand | dirt | snowboard | skateboard | person | surfboard | skateboarder | snowboarder | mountain range | mountain peak | sunny day | blue sky | clear day | outdoor | natural | geographic hints | time period indicators | environmental context | rocky landscape | sandy terrain | snowy mountain | skateboarding | snowboarding | surfing | outdoor sports | adventure sports | recreational activities | leisure activities | transportation | travel | exploration | adventure | outdoor enthusiasts | sports enthusiasts | adventure seekers | outdoor lovers | nature lovers | travelers | tourists | adventurers | explorers | outdoor adventures | outdoor activities | outdoor pursuits | outdoor experiences | outdoor excursions | outdoor escapes | outdoor retreats | outdoor getaways | outdoor vacations | outdoor travel,suv | car | vehicle,mountain | hill | desert | rocky terrain | sand | dirt | person | mountain range | sunny day | blue sky | outdoor | natural | geographic hints | time period indicators | environmental context | transportation | travel | exploration | adventure
830,1,car | jeep | suv | white | parked | cliff | mountain | rocky | desert | dirt | road | parking meter | coin slot | par,car | jeep | suv | white | parked,cliff | mountain | rocky | desert | dirt | road | parking meter
831,1,suv | black | luxury | 4x4 | parked | on road | in woods | snowy | winter | daytime | sunny | clear | blue sky | trees | pine | evergreen | tall | bare | no leaves | no snow | no people | no animals | no birds | no flowers | no grass | no visible text | no visible logos | no visible numbers | no visible signs | no visible reflections | no visible shadows,suv | black | luxury | 4x4 | parked,on road | in woods | snowy | winter | daytime | sunny | clear | blue sky | trees | pine | evergreen | tall | no people | no animals | no birds | no flowers | no grass | no visible text | no visible logos | no visible numbers | no visible signs | no visible reflections | no visible shadows
832,1,stop sign | white van | dodge | grass | road | sky | clouds | stop sign pole | stop sign post | stop sign sign | stop sign sign post | stop sign sign pole,white van | dodge,stop sign | grass | road | sky | clouds | stop sign pole | stop sign post | stop sign sign
833,1,stop sign | ford truck | black | ford,black | ford,stop sign
834,1,car | white | minivan | snow | road | tree | branches | sky | clouds | grass | snowy | winter | daytime | outdoor | rural | natural | geographic hints | time period indicators | environmental context,car | white | minivan,snow | road | tree | branches | sky | clouds | grass | snowy | winter | daytime | outdoor | rural | natural | geographic hints | time period indicators | environmental context
835,1,stop sign | red car | road | dirt road | grass | bushes | trees | mountains | sky | clouds | stop sign pole | red car hood | red car grill | red car headlights | red car taillights | red car brake lights | red car license plate | red car tires | red car bumper | red car door | red car window | red car mirror | red car steering wheel | red car dashboard | red car interior | red car engine | red car trunk | red car passenger door | red car driver door | red car rear door | red car front door | red car passenger side door | red car driver side door | red car rear passenger door | red car front passenger door | red car driver side,red car,stop sign | road | dirt road | grass | bushes | trees | mountains | sky | clouds | stop sign pole
836,1,car | red | suv | tree | moss | fire hydrant | yellow | road | path | forest | trees | mossy | branches | leaves | flowers | green | orange | white | gray | black | blue,car | red | suv | yellow | green | orange | white | gray | black | blue,tree | fire hydrant | road | path | forest | trees | branches | leaves | flowers
837,1,suv | car | vehicle | road | dirt | grass | trees | forest | hill | rock | cliff | grassy hill | dirt road | forest path | greenery | mountains | hills | rocky terrain | dirt path,suv | car | vehicle,road | dirt | grass | trees | forest | hill | rock | cliff | grassy hill | dirt road | greenery | mountains | hills | rocky terrain | dirt path
838,1,stop sign | car | road | trees | forest | stop sign on pole | stop sign on road | stop sign on street | stop sign on highway | stop sign on street sign | stop sign on road sign | stop sign on street sign pole | stop sign on road sign pole | stop sign on street sign pole with trees in background | stop,car,stop sign | road | trees | forest | stop sign on pole | stop sign on road | stop sign on street | stop
839,1,stop sign | blue car | grass | stop sign pole | stop sign post | stop sign sign | stop sign sign post | stop sign sign pole | stop,blue car,stop sign | grass | stop sign pole | stop sign post | stop sign sign | stop
840,1,stop sign | no vehicles past posts | mountain | dirt road | car | truck,car | truck,stop sign | mountain | dirt road
841,1,car | gray | suv | snow | road | trees | pine | forest | fire hydrant | red | orange | snowy | winter | cold | wet | icy | slushy | muddy | puddle | roadway | street | highway | country | rural | natural | outdoor | geographic | time period | environment | weather | season | climate | temperature | humidity | wind | sun | moon | stars | sky | clouds | shadows | reflections | text | logos | symbols | brands | numbers | signs | subtle details | partially visible objects,car | gray | suv | red | orange | logos | symbols | brands | numbers,snow | road | trees | pine | forest | fire hydrant | snowy | winter | cold | icy | roadway | street | highway | country | rural | natural | outdoor | geographic | time period | environment | weather | season | wind | sun | moon | stars | sky | clouds | shadows | reflections | text | signs | subtle details | partially visible objects
842,1,truck | red | pickup | ford | f-150 | truck cab | tire | black | wheel | hubcap | silver | sign | white | green | yellow | blue | orange,truck | red | pickup | ford | f-150 | truck cab | tire | black | wheel | hubcap | silver | white | green | yellow | blue | orange,sign
843,1,van | truck | fire hydrant | road | hill | dirt | rocks | grass | sky | mountains | hills,van | truck,fire hydrant | road | hill | dirt | rocks | grass | sky | mountains | hills
844,1,sherman st | 2012 | car | suv | mountain | road | cliff | bridge | green | trees,car | suv | green,mountain | road | cliff | bridge | trees
845,1,van | red | truck,van | red | truck,
846,1,white car | no turn sign | road | grass | sky | no left turn sign | no right turn sign | no u-turn sign | no left u-turn sign | no right u-turn sign,white car,road | grass | sky
847,1,suv | black | parked | on road | near water | in woods | on path,suv | black | parked,on road | in woods
848,1,white truck | jeep | four-wheeler | pickup | suv | vehicle | road | dirt road | path | grass | trees | hill | field | farm | crops | corn | soybeans | sunflowers | yellow sign | pedestrian crossing | person | walking | crossing | caution | warning | road sign | traffic sign | road marking | road marker | road signage | road signpost | road signboard | road signposter | road signposting | road signpostor,white truck | jeep | pickup | suv | vehicle,road | dirt road | path | grass | trees | hill | field | farm | yellow sign | person | walking | caution | road sign | traffic sign | road marking | road marker
849,1,stop sign | white van | stop sign pole | grass | dirt road | mountains | trees | farm | farm animals | birds | grassy field | fence | stop sign on pole | stop sign on road | stop sign on dirt road | stop sign on grassy field | stop sign on farm | stop sign on farm animals | stop sign on birds | stop sign on trees | stop sign on mountains | stop sign on fence | stop sign on,white van,stop sign | stop sign pole | grass | dirt road | mountains | trees | farm | birds | grassy field | fence | stop sign on pole | stop sign on road
850,1,truck | white | ford | pickup | grass | mountains | clouds | sky | road | highway | grassy | field | lake | water,truck | white | ford | pickup,grass | mountains | clouds | sky | road | highway | grassy | field | lake | water
851,1,stop sign | red truck | stop sign pole | road | grass | trees | forest | sky | sunlight | stop,red truck,stop sign | stop sign pole | road | grass | trees | forest | sky | sunlight | stop
852,1,stop sign | blue suv | road | mountains | desert | grass | trees | stop sign with pedestrian | stop sign with pedestrian and stop sign with pedestrian and stop sign with pedestrian and stop sign with pedestrian and stop sign with pedestrian and stop sign with pedestrian and stop sign with pedestrian and stop sign with pedestrian and stop sign with pedestrian and stop sign with pedestrian and stop sign with pedestrian and stop sign with pedestrian and stop sign with pedestrian and stop sign with pedestrian and stop sign with pedestrian and stop sign with pedestrian and stop sign with pedestrian and stop sign with pedestrian and stop sign with pedestrian and stop sign with pedestrian and stop sign with pedestrian and stop sign with pedestrian and stop sign with pedestrian and stop sign with pedestrian and stop sign with pedestrian and stop sign with pedestrian and stop sign with pedestrian and stop sign with pedestrian and stop sign with pedestrian and stop sign with pedestrian and stop sign with pedestrian and stop sign with pedestrian and stop sign with pedestrian and stop,,stop sign | road | mountains | desert | grass | trees
853,1,dodge ram | truck | brown | parked | grass | road | sign | green | white | black | white letters | black numbers | arrow | direction | right | left | road sign | street sign | country road | dirt road | grassy area | trees | bushes | flowers | white flowers | green grass | brown dirt | gravel | path | trail | country | rural | natural | outdoor | daytime | sunny | clear | blue sky | green leaves | brown truck | parked truck | parked car | parked vehicle | parked truck on road | parked truck on trail | parked truck on path | parked truck on roadside | parked truck on country road | parked truck on dirt road | parked truck on grassy area | parked truck on gravel road | parked truck on street sign,truck | brown | parked | green | white | black,grass | road | sign | white letters | arrow | direction | road sign | street sign | country road | dirt road | grassy area | trees | bushes | flowers | green grass | gravel | path | trail | country | rural | natural | outdoor | daytime | sunny | clear | blue sky | green leaves
854,1,suv | car | truck | vehicle | road | path | dirt | grass | trees | bushes | grassy area | forest | woods | hill | hillside | country | rural | natural | outdoor | daytime | sunny | clear | blue sky | greenery | foliage | leaves | dirt road | gravel | muddy | wet | puddle | water | stream | fire hydrant | metal | silver | gray | black | white | yellow | red | green | blue | orange | purple | pink | brown,suv | car | truck | vehicle | metal | silver | gray | black | white | yellow | red | green | blue | orange | pink | brown,road | path | dirt | grass | trees | bushes | grassy area | forest | woods | hill | hillside | country | rural | natural | outdoor | daytime | sunny | clear | blue sky | greenery | leaves | dirt road | gravel | water | fire hydrant | purple
855,1,car | traffic light | road | mountain | tree | fog | cloud | sky | vehicle | traffic signal | red light | green light | stop light | traffic sign | road sign | street sign | traffic control device | traffic control signal,car | vehicle,traffic light | road | mountain | tree | fog | cloud | sky | traffic signal | red light | green light | traffic sign | road sign | street sign
856,1,stop sign | car | tree | road | river | house | barn | fence | grass | sky | clouds | stop sign pole | stop sign post | stop sign frame | stop sign sign | stop sign letters | stop sign word | stop sign shape | stop sign color | stop sign design | stop sign placement | stop sign location | stop sign orientation | stop sign visibility | stop sign contrast | stop sign legibility | stop sign stop | stop sign meaning | stop sign purpose | stop sign function | stop sign role | stop sign significance | stop sign importance | stop sign relevance | stop sign context | stop sign setting | stop sign environment | stop sign time period | stop sign geographic hint | stop sign urban/rural/natural context | stop sign scene | stop sign location description | stop sign background | stop sign foreground | stop sign main subject | stop sign background object | stop sign small detail | stop sign visual detail | stop sign text | stop sign logo | stop sign symbol | stop sign brand | stop sign number | stop sign signage | stop sign traffic control | stop sign road safety | stop sign road regulation | stop sign road guidance | stop sign road instruction | stop sign road information | stop sign road communication | stop sign road interaction,car,stop sign | tree | road | river | house | barn | fence | grass | sky | clouds | stop sign pole | stop sign post | stop sign sign
857,1,suv | white | parked | sunset | road | dirt | grass | sky | clouds | sun | stop sign | traffic light | green | yellow | red | black | silver | gold,suv | white | parked | green | yellow | red | black | silver | gold,sunset | road | dirt | grass | sky | clouds | sun | stop sign | traffic light
858,1,stop sign | red truck | dirt road | trees | forest | stop sign on pole | stop sign on dirt road,red truck,stop sign | dirt road | trees | forest | stop sign on pole
859,1,car | traffic light | road | pavement | foggy | trees | forest | yellow | red | blue | white | black | silver | tan | gold | dodge | charger | traffic | signal | stop | sign | roadside | assistance | vehicle | emergency | help | wrecker | tow truck,car | yellow | red | blue | white | black | silver | tan | gold | dodge | charger | vehicle,traffic light | road | pavement | foggy | trees | forest | traffic | stop | sign | roadside
860,1,yellow truck | jeep | off-road vehicle | tires | wheels | grill | hood | windshield | side mirrors | trees | forest | road | pavement | grass | fire hydrant | red | yellow | green | orange | white | black | gray | red and white | yellow and black | red and white and black | green and white | yellow and black and white | red and white and black and yellow | green and white and black and red | yellow and black and white and red | red and white and black and yellow and red | yellow and black and white and red and yellow | green and white and black and red and yellow | red and white and black and yellow and red and white | yellow and black and white and red and yellow and red and white | red and white and black and yellow and red and white and black and yellow | green and white and black and red and yellow and red and white and black and yellow | red and white and black and yellow and red and white and black and yellow and red and white and black and yellow and red and white and black and yellow and red and white and black and yellow and red and white and black and yellow and red and white and black and yellow and red,jeep | off-road vehicle | tires | grill | hood | windshield | red | yellow | green | orange | white | black | gray,trees | forest | road | pavement | grass | fire hydrant
861,1,truck | white | pickup | dodge | road | dirt | grass | trees | forest | pine | bushes | grassy | path | country | roadside | pine tree | bush | dirt road,truck | white | pickup | dodge,road | dirt | grass | trees | forest | pine | bushes | grassy | path | country | roadside | pine tree | bush | dirt road
862,1,car | truck | fire hydrant | road | sky | clouds | mountains | desert | grass | yellow | green | white | gray | black | red | blue,car | truck | yellow | green | white | gray | black | red | blue,fire hydrant | road | sky | clouds | mountains | desert | grass
863,1,truck | black | pickup | tow truck | orange | tow tr,truck | black | pickup | orange,
864,1,suv | white | parked | on road | near tree | on sign | pointing up | arrow | on pole | on street | pointing,suv | white | parked,on road | near tree | arrow | on street
865,1,suv | red | parked | on road | in sky | in clouds | in desert | in mountains | in daytime | in sunny weather | in daylight | in day | in bright light | in sun | in clear sky | in blue sky | in white clouds | in fluffy clouds | in puffy clouds | in cloudy sky | in cloudy weather | in cloudy day | in cloudy daytime | in cloudy daylight | in cloudy sunny weather | in cloudy,suv | red | parked,on road
866,1,stop sign | white truck | road | trees | leaves | sunlight | stop sign on pole | stop sign on road | stop sign on street | stop sign on highway | stop sign on street corner | stop sign on roadway | stop sign on street sign | stop sign on road sign | stop sign on street sign post | stop sign on road sign post | stop sign on street sign pole | stop sign on road sign pole,white truck,stop sign | road | trees | leaves | sunlight | stop sign on pole | stop sign on road | stop sign on street
867,1,stop sign | white van | mountains | desert | road | dirt | grass | trees | stop,white van,stop sign | mountains | desert | road | dirt | grass | trees | stop
868,1,stop sign | red car | stop sign pole | road | trees | grass,red car,stop sign | stop sign pole | road | trees | grass
869,1,car | van | white | black | red | yellow | traffic light | road | highway | mountain | sky | clouds | trees | grass | dirt | gravel | pavement | sun | sunset | sunrise | daytime | nighttime | outdoor | rural | natural | mountainous | stoplight | red light | yellow light | green light | traffic signal | road sign | road marker | green,car | van | white | black | red | yellow | green,traffic light | road | highway | mountain | sky | clouds | trees | grass | dirt | gravel | pavement | sun | sunset | sunrise | daytime | nighttime | outdoor | rural | natural | mountainous | stoplight | red light | yellow light | green light | traffic signal | road sign | road marker
870,1,jeep | stop sign | road | trees | mountains | dirt road | white car | black tires | black wheels | black rims | black hubcaps | black grill | black bumper | black headlights | black taillights | black exhaust | black hood | black windshield | black wipers | black mirrors | black door handles | black side mirrors | black rearview mirror | black rearview window | black rearview wiper | black rearview light | black rearview brake light | black rearview turn signal | black rearview stop light | black rearview license plate | black rearview license plate holder | black rearview license plate bracket | black rearview license plate light | black rearview license plate frame | black rearview license plate cover | black,jeep | white car | black,stop sign | road | trees | mountains | dirt road
871,1,car | fire hydrant | road | trees | rocks | grass | forest | hill | water | fire truck,car,fire hydrant | road | trees | rocks | grass | forest | hill | water
872,1,van | white | truck | semi | large | mountain | trees | pine | road | dirt | gravel | grass | forest | mountainous | cloudy | daytime | outdoor | natural | rural | environment | geographic | time period | weather | ge,van | white | truck | large,mountain | trees | pine | road | dirt | gravel | grass | forest | mountainous | cloudy | daytime | outdoor | natural | rural | environment | geographic | time period | weather
873,1,truck | fire hydrant | road | mountains | hills | grass | dirt | sky | outdoors | rural | natural | daytime | no people | no animals | no text | no logos | no symbols | no brands | no numbers | no signs | no subtle details | no partially visible objects | no reflections | no shadows,truck | no brands,fire hydrant | road | mountains | hills | grass | dirt | sky | outdoors | rural | natural | daytime | no people | no animals | no text | no logos | no symbols | no numbers | no signs | no subtle details | no partially visible objects | no reflections | no shadows
874,1,car | suv | road | trees | traffic light | green light | yellow light | stop light | road sign | traffic sign | street sign | road markings | pine trees | forest | woods | trees with green leaves | trees with brown leaves | road with gravel | road with asphalt | road with dirt | road with grass | road with shadows | road with trees | road with traffic light | road with traffic sign | road with street sign | road with road markings | road with pine trees | road with forest | road with woods | road with trees with green leaves | road with trees with brown leaves,car | suv,road | trees | traffic light | green light | yellow light | road sign | traffic sign | street sign | road markings | pine trees | forest | woods
875,1,orange truck | blue roof rack | grass | trees | dirt road | sunny day | outdoors | natural environment | no people | no animals | no buildings | no vehicles | no signs | no text | no logos | no symbols | no brands | no numbers | no time period indicators | no environmental context,orange truck | no brands,grass | trees | dirt road | sunny day | outdoors | natural environment | no people | no animals | no buildings | no signs | no text | no logos | no symbols | no numbers
876,1,car | blue | chevrolet | suv | sunset | mountain | sheep | rocky | terrain | sun | sky | clouds | rocks | white | wool | grass | dirt | hill | landscape | outdoor | natural | evening | time of day | sunlight,car | blue | chevrolet | suv | white,sunset | mountain | sheep | rocky | sun | sky | clouds | rocks | wool | grass | dirt | hill | landscape | outdoor | natural | evening | time of day | sunlight
877,1,car | horse | road | sky | clouds | grass | dirt | gravel | wildflowers | trees | bushes | grasslands | rural | daytime | sunny | blue sky | white clouds | red car | silver car | black car | brown horse | black horse,car | red car | silver car | black car,horse | road | sky | clouds | grass | dirt | gravel | trees | bushes | rural | daytime | sunny | blue sky | white clouds | brown horse
878,1,car | van | horse | road | grass | trees | sky | pole | sign | horse head,car | van,horse | road | grass | trees | sky | pole | sign | horse head
879,1,jeep | cow | road | trees | forest | dirt | rocks | grass | gravel | dirt road | forest road | country road | rural road | winding road | dirt path | gravel path | forest path | country path | rural path | winding path | dirt trail | gravel trail | forest trail | country trail | rural trail | winding trail | dirt lane | gravel lane | forest lane | country lane | rural lane | winding lane | dirt roadway | gravel roadway | forest roadway | country roadway | rural roadway | winding roadway | dirt pathway | gravel pathway | forest pathway | country pathway | rural pathway | winding pathway | dirt trailway | gravel trailway | forest trailway | country trailway | rural trailway | winding trailway | dirt laneway | gravel laneway | forest laneway | country laneway | rural laneway | winding laneway | gravel road,jeep,cow | road | trees | forest | dirt | rocks | grass | gravel | dirt road | country road | dirt path | gravel road
880,1,jeep | car | truck | mountain | snow | rock | road | house | barn | tree | grass | mountain goat | bear | dog | cat | sheep | horse | cow | chicken | fish | bird | dirt,jeep | car | truck,mountain | snow | rock | road | house | barn | tree | grass | mountain goat | bear | dog | cat | sheep | horse | cow | chicken | fish | bird | dirt
881,1,truck | jeep | off-road vehicle | silver | gray | black | white | tires | wheels | windows | windshield | hood | grill | headlights | tail lights | brake lights | turn signals | mirrors | door handles | roof rack | spare tire | grass | dirt | road | gravel | vineyards | grapes | harvest | agriculture | rural | outdoor | nature | landscape | sky | clouds | mountains | trees | hills | vineyard | wine | grape,truck | jeep | off-road vehicle | silver | gray | black | white | tires | windows | windshield | hood | grill | headlights | tail lights | brake lights,grass | dirt | road | gravel | rural | outdoor | nature | landscape | sky | clouds | mountains | trees | hills
882,1,truck | suv | cow | mountain | rock | dirt | grass | road | bridge | sign | yellow line | green line | white line | black line | red line | blue line,truck | suv,cow | mountain | rock | dirt | grass | road | bridge | sign | yellow line | white line
883,1,car | white | suv | parked | on road | in woods | green | trees | forest,car | white | suv | parked | green,on road | in woods | trees | forest
884,1,jeep | cow | bridge | road | grass | water | sky | orange | black | white | blue | red | green | yellow,jeep | orange | black | white | blue | red | green | yellow,cow | bridge | road | grass | water | sky
885,1,suv | white | silver | off-road | truck | car | vehicle | road | dirt | grass | field | farm | countryside | cloudy | sky | blue | green | yellow | red | orange | black | tire | wheel | headlight | grill | hood | windshield | wiper | mirror | door | passenger | driver | side | rear | front | back | top | bottom | middle | left | right | center | foreground | background | grassy | dirt road | country | rural | outdoor | daytime | sunny,suv | white | silver | off-road | truck | car | vehicle | blue | green | yellow | red | orange | black | tire | wheel | headlight | grill | hood | windshield | mirror | door | passenger | front,road | dirt | grass | field | farm | countryside | cloudy | sky | background | grassy | dirt road | country | rural | outdoor | daytime | sunny
886,1,car | black | suv | vehicle | road | pavement | gravel | dirt | trees | forest | woods | sky | night | dark | black and white | cow | bull | animal | dog,car | black | suv | vehicle | black and white,road | pavement | gravel | dirt | trees | forest | woods | sky | night | dark | cow | bull | animal | dog
887,1,orange truck | black tires | white letters | red truck,orange truck | red truck,white letters
888,1,car | vehicle | suv | honda | silver | black | yellow | road | highway | mountain | desert | landscape | sky | clouds | blue | white | green | red | orange,car | vehicle | suv | honda | silver | black | yellow | blue | white | green | red | orange,road | highway | mountain | desert | landscape | sky | clouds
889,1,truck | red | chevrolet | pickup | cow | brown | steer | mountain | road | dirt | grass | hill | landscape | outdoor | rural | natural | daytime,truck | red | chevrolet | pickup | brown,cow | mountain | road | dirt | grass | hill | landscape | outdoor | rural | natural | daytime
890,1,truck | sheep | dog | car | truck cab | truck bed,truck | car | truck cab | truck bed,sheep | dog
891,1,van | ford | truck | black | white | blue | green | red | yellow | brown,van | ford | truck | black | white | blue | green | red | yellow | brown,
892,1,van | car | vehicle | white | minivan | passenger | tree | forest | road | path | flowers | grass | cow | sheep | dog | black and white | white and black | animal | farm | outdoor | natural | rural | daytime | sunlight | shadows | trees,van | car | vehicle | white | minivan | passenger | black and white,tree | forest | road | path | flowers | grass | cow | sheep | dog | animal | farm | outdoor | natural | rural | daytime | sunlight | shadows | trees
893,1,car | horse | road | grass | trees | sky | black | white | brown | green | silver,car | black | white | brown | green | silver,horse | road | grass | trees | sky
894,1,truck | blue | dodge ram | pickup | fence | barbed wire | cow | black | white | grazing | road | highway | grass | dirt | sky | fence post | metal | bar,truck | blue | pickup | black | white | metal,fence | cow | grazing | road | highway | grass | dirt | sky | fence post
895,1,car | black | suv | desert | mountains | cactus | sheep | white | desert road | dirt | dust | mountain range,car | black | suv | white,desert | mountains | sheep | dirt | mountain range
896,1,car | sheep | road | forest | mountain | dirt road | car tire | car headlight | car grill | car hood | car door | car window | car mirror | car windshield | car side mirror | car rearview mirror | car side view mirror | car taillight | car turn signal | car brake light | car license plate | car bumper,car | car tire | car headlight | car grill | car hood | car door | car window | car mirror | car windshield | car side mirror | car taillight | car turn signal | car brake light | car license plate | car bumper,sheep | road | forest | mountain | dirt road
897,1,car | vehicle | tan | compact | sedan | honda | front | headlights | grill | license plate | back | tail lights | rearview mirror | horse | animal | brown | white | black,car | vehicle | tan | compact | sedan | honda | front | headlights | grill | license plate | tail lights | brown | white | black,horse | animal
898,1,car | truck | sheep | dog | forest | trees | rocks | dirt | snow | hill | road | trail | sky | mountains,car | truck,sheep | dog | forest | trees | rocks | dirt | snow | hill | road | trail | sky | mountains
899,1,truck | car | animal | deer | dog | horse | road | forest | trees | grass | dirt | hill | fence | pole | gate | bridge | leaves | flowers | bushes,truck | car,animal | deer | dog | horse | road | forest | trees | grass | dirt | hill | fence | pole | gate | bridge | leaves | flowers | bushes
900,1,truck | red | pickup | sky | clouds | cow | bull | animal | road | country | field | grass | sunset | sunrise | dusk | dawn | daytime | nighttime | stormy | dark | cloudy | sun | moon | stars,truck | red | pickup,sky | clouds | cow | bull | animal | road | country | field | grass | sunset | sunrise | dusk | dawn | daytime | nighttime | dark | cloudy | sun | moon | stars
901,1,truck | cow | mountain | dirt road | people | grass | rocks | cliff | mountain goat | sheep | dog | horse | person | backpack | hat | shirt | jeans | truck cab | grill | headlights | tires | brake lights | steering wheel | windshield | cowboy hat | mountain range | mountain peak | rocky terrain | dirt path | hiking trail | wilderness | outdoor adventure | rural setting | natural environment | geological formation | time of day | sunlight | shadows | textured terrain | mountain goat grazing | sheep grazing | cow grazing | dog walking | horse grazing | person hiking | backpacker | hiker | outdoor enthusiast | adventure seeker | nature lover | wilderness explorer | mountain climber | rock climber,truck | truck cab | grill | headlights | tires | brake lights | steering wheel | windshield,cow | mountain | dirt road | people | grass | rocks | cliff | mountain goat | sheep | dog | horse | person | backpack | hat | mountain range | rocky terrain | dirt path | rural setting | natural environment | time of day | sunlight | shadows
902,1,van | ford | white | sheep | dog | sheepdog | ram | goat | forest | trees | bamboo | road | pavement | dirt | grass | hill | mountain,van | ford | white | ram,sheep | dog | sheepdog | goat | forest | trees | road | pavement | dirt | grass | hill | mountain
903,1,car | white | land rover | suv | horse | person | riding | tree | green | grass | road | paved | yellow | line,car | white | suv | green | yellow,horse | person | tree | grass | road | paved
904,1,car | white | suv | bmw | snow | road | street | trees | woods | cow | brown | bull | animal | wild | nature | outdoors | rural | winter | snowy | cold | icy | slippery | dangerous | wildlife,car | white | suv | bmw | brown,snow | road | street | trees | woods | cow | bull | animal | wild | nature | outdoors | rural | winter | snowy | cold | icy | wildlife
905,1,car | black | suv | vehicle | snow | trees | pine trees | forest | cow | brown | animal | bull | steer | farm | rural | winter | snowy | road | highway | plowed | snowy road | snowy trees | snowy forest | snowy car | snowy cow | snowy steer | snowy farm | snowy rural | snowy winter | snowy snowy road | snowy snowy trees | snowy snowy forest | snowy snowy car | snowy snowy cow | snowy snowy steer | snowy snowy farm | snowy snowy rural | snowy snowy winter | snowy snowy snowy road | snowy snowy snowy trees | snowy snowy snowy forest | snowy snowy snowy car | snowy snowy snowy cow | snowy snowy snowy steer | snowy snowy snowy farm | snowy snowy snowy rural | snowy snowy snowy winter | snowy snowy snowy snowy road | snowy snowy snowy snowy trees | snowy snowy snowy snowy forest | snowy snowy snowy snowy car | snowy snow,car | black | suv | vehicle | brown,snow | trees | pine trees | forest | cow | animal | bull | farm | rural | winter | snowy | road | highway | snowy road | snowy trees
906,1,car | truck | cow | jeep | road | highway | mountain | rock | grass | tree | sky | cloud | animal | vehicle | outdoor | natural | landscape | environment | weather | daytime | sunny | cloudy | stormy | windy | mountainous | rural | countryside | wildlife | wild | cowboy | steer | bull | bison | buffalo | moose | deer | elk | giraffe | zebra | horse | dog | cat | sheep | goat | chicken | fish | bird | butterfly | flower | bush | cliff | waterfall | river | stream | lake | ocean | beach | sand | snow | ice | fire | smoke | steam | wind | rain | hail | lightning | thunder | sun | moon | stars | clouds | ground | pavement,car | truck | jeep | vehicle,cow | road | highway | mountain | rock | grass | tree | sky | cloud | animal | outdoor | natural | landscape | environment | weather | daytime | sunny | cloudy | mountainous | rural | countryside | wildlife | wild | bull | deer | horse | dog | cat | sheep | goat | chicken | fish | bird | flower | bush | cliff | river | lake | sand | snow | wind | sun | moon | stars | clouds | pavement
907,1,car | van | white | silver | minivan | suv | vehicle | road | highway | mountain | desert | landscape | outdoor | natural | geographic | time period | environment | driving | speeding | fast | fast lane | lane | roadway | driving fast | driving fast lane | driving on road | driving on highway | driving on roadway | driving on fast lane | driving on fast l,car | van | white | silver | minivan | suv | vehicle | driving,road | highway | mountain | desert | landscape | outdoor | natural | geographic | time period | environment | lane | roadway
908,1,car | truck | animal | dog | goat | sheep | cow | grass | road | trees | forest | sky | daytime | outdoors | rural | wildlife | nature,car | truck,animal | dog | goat | sheep | cow | grass | road | trees | forest | sky | daytime | outdoors | rural | wildlife | nature
909,1,jeep | white | suv | off-road | sandy road | dirt road | forest | trees | pine trees | sand | dirt | road | highway | yellow lines | street | vehicle | truck | dog | person | person walking | dog walking | person on road | dog on road | person on side of road | dog on side of road | person walking on road | dog walking on road | person on,jeep | white | suv | off-road | vehicle | truck,dirt road | forest | trees | pine trees | sand | dirt | road | highway | street | dog | person
910,1,truck | red | pickup | toy | pink | horse | dog | lizard | grass | green | dirt | path | road,truck | red | pickup | toy | pink | green,horse | dog | grass | dirt | path | road
911,1,dog | car | truck | grass | field | path | road | country | rural | outdoor | natural | landscape | sky | clouds | sun | shadows | dirt | hay | straw,car | truck,dog | grass | field | path | road | country | rural | outdoor | natural | landscape | sky | clouds | sun | shadows | dirt
912,1,car | suv | volvo | black | cow | brown | white | road | country | rural | grass | trees | sky | clouds | black and white | photo | picture | image | visual | details | fine-grained | specific | type | category | breed | species | model | variant | identifiable | main | objects | background | small | place | indoor/outdoor | urban/rural/natural | geographic | hints | time | period | indicators | environmental | context | text | logos | symbols | brands | numbers | signs | subtle | partially | visible | reflections | shadows,car | suv | black | brown | white | black and white | model | small | logos | symbols | brands | numbers,volvo | cow | road | country | rural | grass | trees | sky | clouds | photo | breed | species | background | indoor/outdoor | geographic | text | signs | reflections | shadows
913,1,car | suv | black | chevrolet | road | highway | trees | forest | horse | white | yellow | sign | road sign | caution | road hazard | wildlife | horse and buggy | horse and carriage | horse and wagon | horse and cart | horse and sleigh | horse and chariot,car | suv | black | chevrolet | white | yellow,road | highway | trees | forest | horse | sign | road sign | caution | wildlife
914,1,truck | sheep | road | mountains | sky | dirt | rocks | grass | sheepdog | white | black | brown | tan | silver | gray | rocky | mountainous | desert | outdoor | natural | daytime,truck | white | black | brown | tan | silver | gray,sheep | road | mountains | sky | dirt | rocks | grass | sheepdog | rocky | mountainous | desert | outdoor | natural | daytime
915,1,car | dog | road | forest | trees | fog | white | suv | gmc | license plate | headlights | fog lights | grill | windshield | wipers | side mirror | back tire | front tire,car | white | suv | license plate | headlights | grill | windshield | wipers,dog | road | forest | trees | fog
916,1,van | truck | cloudy | sky | white,van | truck | white,cloudy | sky
917,1,white car | suv | truck | dog | horse | tree | road | forest | leaves | branches | sky | sunlight | shadows | golden retriever | su,white car | suv | truck,dog | horse | tree | road | forest | leaves | branches | sky | sunlight | shadows | golden retriever
918,1,car | vehicle | honda | suv | black | yellow | license plate | 4x4 | animal | horse | cow | dog | white | brown | red | orange | blue | green | gray,car | vehicle | honda | suv | black | yellow | license plate | 4x4 | white | brown | red | orange | blue | green | gray,animal | horse | cow | dog
919,1,car | gray | ford | focus | license plate | 2012 | dog | golden retriever | running | grass | trees | forest | road | dirt | shadows | sunlight | outdoors | natural | daytime,car | gray | ford | license plate,focus | dog | golden retriever | grass | trees | forest | road | dirt | shadows | sunlight | outdoors | natural | daytime
920,1,bmw | suv | bridge | grass | mountains | clouds | sky | sun | car | truck | wood,bmw | suv | car | truck,bridge | grass | mountains | clouds | sky | sun | wood
921,1,suv | truck | car | vehicle | road | highway | mountain | hill | sunset | sunrise | landscape | desert | dirt | sand | rock | bush | grass | mountain range | sky | clouds | sun | shadows | silhouettes | outdoor | natural | daytime | evening | mountainous | rocky | arid | desert-like | scenic | picturesque | beautiful | serene | tranquil | peaceful | calm | quiet | remote | isolated | wilderness | wild | rugged | challenging | adventurous | exploratory | outdoor recreation | off-road | off-highway | off-road vehicle | off-highway vehicle | off-road adventure | off-highway exploration | off-highway recreation | off-highway challenge | off-highway wilderness | off-highway ruggedness | off-highway adventure | off,suv | truck | car | vehicle | off-road | off-road vehicle,road | highway | mountain | hill | sunset | sunrise | landscape | desert | dirt | sand | rock | bush | grass | mountain range | sky | clouds | sun | shadows | outdoor | natural | daytime | evening | mountainous | rocky | scenic | picturesque | wild
922,1,car | sheep | bridge | road | trees | grass | sign | fence | truck,car | truck,sheep | bridge | road | trees | grass | sign | fence
923,1,van | white | delivery | truck | vanity | license plate | tree | pine | forest | road | highway | bridge | guardrail | fence | horse | cow | dog | animal,van | white | truck | license plate,tree | pine | forest | road | highway | bridge | fence | horse | cow | dog | animal
924,1,car | white | honda | sedan | parked | road | forest | trees | red | orange | sunset | shadows | sunlight | reflection | license plate | 2014 | tagged | 2014-01 | 2014-02 | 2014-03 | 2014-04 | 2014-05 | 2014-06 | 2014-07 | 2014-08 | 2014-09 | 2014-10 | 2014-11 | 2014-12 | 2014-13 | 2014-14 | 2014-15 | 2014-16 | 2014-17 | 2014-18 | 2014-19 | 2014-20 | 2014-21 | 2014-22 | 2014-23 | 201,car | white | honda | sedan | parked | red | orange | license plate | 2014,road | forest | trees | sunset | shadows | sunlight | reflection
925,1,car | black | sports car | convertible | tree | snow | road | grass | mountain | sheep | cow | dog | cat | roadside | country | rural | natural | daytime | sunny | outdoor | winter | snowy | mountainous | landscape | scenery | environment | geographic | time period | seasonal | weather | season | climate | outdoor setting | natural setting | rural setting | mountainous setting | daytime setting | sunny setting | winter setting | snowy setting | mountain setting | landscape setting | scenery setting | environment setting | geographic setting | time period setting | seasonal setting | weather setting | season setting | climate setting | outdoor environment | natural environment | rural environment | mountain environment | daytime environment | sunny environment | winter environment | snowy environment | mountainous environment | landscape environment | scenery environment,car | black | sports car | convertible,tree | snow | road | grass | mountain | sheep | cow | dog | cat | roadside | country | rural | natural | daytime | sunny | outdoor | winter | snowy | mountainous | landscape | scenery | environment | geographic | time period | weather | season | outdoor setting | rural setting | natural environment
926,1,car | suv | silver | gray | black | red | white | zebra | animal | wildlife | nature | road | pavement | grass | trees | forest | green | blue | yellow | orange,car | suv | silver | gray | black | red | white | green | blue | yellow | orange,animal | wildlife | nature | road | pavement | grass | trees | forest
927,1,truck | white | pickup | silver | highway | road | country | rural | mountain | background | sky | clouds | power lines | telephone pole | road sign | arrow | white arrow | highway sign,truck | white | pickup | silver,highway | road | country | rural | mountain | background | sky | clouds | power lines | telephone pole | road sign | arrow | highway sign
928,1,dodge ram | sheep | dog | car | truck | mountain | road | highway | grass | sheepdog | sheepdog herding | sheepdog herding dog | sheepdog herding sheep | sheepdog herding sheepdog | sheepdog herding sheepdog herding dog | sheepdog herding sheepdog herding sheep | sheepdog herding sheepdog herding sheepdog herding sheep,car | truck,sheep | dog | mountain | road | highway | grass | sheepdog
929,1,jeep | cow | road | trees | leaves | branches | grass | forest | car | truck | animal | wildlife | nature | outdoors | rural | fall | season | seasonal | autumn | colorful | vibrant | scenic | picturesque | roadside | highway | country | countryside | landscape | environment | outdoor | vibr,jeep | car | truck,cow | road | trees | leaves | branches | grass | forest | animal | wildlife | nature | outdoors | rural | fall | season | autumn | scenic | picturesque | roadside | highway | country | countryside | landscape | environment | outdoor
930,1,truck | white | ford | pickup | snow | road | dirt | trees | pine | forest | animal | sheep | goat | dog | llama | snowmobile | trail | mountain | hill | dirt road | pine trees | white snow,truck | white | ford | pickup,snow | road | dirt | trees | pine | forest | animal | sheep | goat | dog | trail | mountain | hill | dirt road | pine trees
931,1,truck | sheep | road | sky | clouds | mountains | desert | dirt | grass | bushes | trees | hills | dirt road,truck,sheep | road | sky | clouds | mountains | desert | dirt | grass | bushes | trees | hills | dirt road
932,1,white van | sheep | grass | trees | sky | road | house | dog | cat | sheepdog,white van,sheep | grass | trees | sky | road | house | dog | cat | sheepdog
933,1,suv | car | vehicle | truck | tree | forest | pine tree | grass | dirt | road | path | trail | mountain | sky | clouds | rocks | trees | bushes | leaves | flowers | dog | cat | cow | horse | sheep | goat | chicken | fish | bird | deer | rabbit | squirrel,suv | car | vehicle | truck,tree | forest | pine tree | grass | dirt | road | path | trail | mountain | sky | clouds | rocks | trees | bushes | leaves | flowers | dog | cat | cow | horse | sheep | goat | chicken | fish | bird | deer
934,1,white truck | goat | sheep | road | trees | mountains | sky | grass | fence | bridge | highway | country | forest | mountain | truck,white truck | truck,goat | sheep | road | trees | mountains | sky | grass | fence | bridge | highway | country | forest | mountain
935,1,car | horse | van | red | silver | cloudy | sky | grass | trees | field | road | highway | red van | brown horse,car | van | red | silver,horse | cloudy | sky | grass | trees | field | road | highway | red van | brown horse
936,1,car | silver | convertible | sports car | tree | branch | leaves | forest | path | dirt | road | person | walking | handbag | backpack | dog | cat | bird | tree branch,car | silver | convertible | sports car,tree | leaves | forest | path | dirt | road | person | walking | backpack | dog | cat | bird
937,1,car | blue | volvo | suv | dog | white | running | road | dirt | grass | trees | woods | sky | sunny | day | outdoors | natural | environment | rural | setting | time of day | afternoon | sunlight | shadows | reflections | text | logo,car | blue | suv | white | logo,volvo | dog | road | dirt | grass | trees | woods | sky | sunny | day | outdoors | natural | environment | rural | setting | time of day | sunlight | shadows | reflections | text
938,1,car | vehicle | gray | honda | civic | license plate | 4x4 | cow | animal | brown | beef | road | highway | mountains | landscape | desert | dirt | gravel | pavement | yellow | line | road marking | purple | sky | hills | trees | buildings | truck | bus | traffic | road sign | road marker | road divider | road barrier | road bar,car | vehicle | gray | honda | civic | license plate | 4x4 | brown | yellow | truck,cow | animal | road | highway | mountains | landscape | desert | dirt | gravel | pavement | road marking | purple | sky | hills | trees | buildings | traffic | road sign | road marker
939,1,jeep | suv | truck | car | vehicle | animal | cow | bull | dog | sheep | goat,jeep | suv | truck | car | vehicle,animal | cow | bull | dog | sheep | goat
940,1,truck | sheep | grass | dirt road | cloudy sky | fence | truck cab | truck bed,truck | truck cab | truck bed,sheep | grass | dirt road | cloudy sky | fence
941,1,truck | elephant | road | sign | grass | sky | clouds | mountains | hill | dirt | d,truck,elephant | road | sign | grass | sky | clouds | mountains | hill | dirt | d
942,1,this is a road sign,,
943,1,car | vehicle | gray | chevrolet | suv | cow | bull | brown | white | black | mountain | hill | dirt road | gravel | rocky | steep | cliff | grass | dirt | mountain top | sky | blue | clear | sunny | daytime | outdoors | natural | rural | landscape | environment | geographic | time period | no text | no logos | no symbols | no numbers | no signs | no subtle details | no reflections | no shadows,car | vehicle | gray | chevrolet | suv | brown | white | black | blue,cow | bull | mountain | hill | dirt road | gravel | rocky | cliff | grass | dirt | sky | clear | sunny | daytime | outdoors | natural | rural | landscape | environment | geographic | time period | no text | no logos | no symbols | no numbers | no signs | no subtle details | no reflections | no shadows
944,1,truck | sheep | road | trees | grass | sky | forest | dirt | leaves | branches | d,truck,sheep | road | trees | grass | sky | forest | dirt | leaves | branches | d
945,1,truck | white | pickup | tree | pine | road | path | grass | forest | trees | animal | cow | sheep | dog | elephant | dirt | shade | sunlight | green | brown | black | yellow | red | blue,truck | white | pickup | green | brown | black | yellow | red | blue,tree | pine | road | path | grass | forest | trees | animal | cow | sheep | dog | elephant | dirt | shade | sunlight
946,1,jeep | off-road vehicle | driving on a dirt road | in a mountainous area | with a horse in the background,jeep | off-road vehicle,
947,1,dog | car | road | trees | leaves | yellow | orange | green | blue | black | white | tan | gold | silver,car | yellow | orange | green | blue | black | white | tan | gold | silver,dog | road | trees | leaves
948,1,truck | horse | stars | tree | road | grass | sky,truck,horse | stars | tree | road | grass | sky
949,1,car | truck | sheep | tree | road | fog | forest | person | walking | sheepdog | dog | goat,car | truck,sheep | tree | road | fog | forest | person | walking | sheepdog | dog | goat
950,1,car | silver | sedan | van | gray | desert | road | dirt | sand | palm trees | bushes | grass | cow | black | white | tan | desert landscape | mountain | dirt road | desert environment | outdoor | natural | geographic hints | time period indicators | no text | no logos | no symbols | no brands | no numbers | no signs | no subtle details | no partially visible objects | no reflections | no shadows,car | silver | sedan | van | gray | black | white | tan | no brands,desert | road | dirt | sand | palm trees | bushes | grass | cow | desert landscape | mountain | dirt road | outdoor | natural | geographic hints | time period indicators | no text | no logos | no symbols | no numbers | no signs | no subtle details | no partially visible objects | no reflections | no shadows
951,1,car | red | suv | honda | road | yellow line | grass | trees | cows | black and white | white line | road sign | black and white cow | white line on road | yellow line on road | cows in field | trees in background | grassy field | cows in the distance | cows in the background | cows in the field | cows in the,car | red | suv | honda | black and white,road | yellow line | grass | trees | white line | road sign | grassy field
952,1,car | silver | sedan | gray | honda | license plate | 4x4 | grass | hill | cow | black | white | yellow | green | grassy field | fence | stone wall | hillside | dirt | gravel | rocky | road | dirt road | grassy hill | black and white | yellow and green,car | silver | sedan | gray | honda | license plate | 4x4 | black | white | yellow | green | black and white,grass | hill | cow | grassy field | fence | stone wall | hillside | dirt | gravel | rocky | road | dirt road | grassy hill
953,1,white truck | sheep | forest | road | dirt | leaves | grass | trees | forest path | fence | sheepdog | sheepdog collar | sheepdog tag | sheepdog ear tag | sheepdog collar tag | sheepdog ear,white truck,sheep | forest | road | dirt | leaves | grass | trees | fence | sheepdog
954,1,car | horse | road | desert | sand | dirt | vehicle | tire | wheel | headlight | grill | hood | windshield | wiper | mirror | door | trunk | tail light | license plate | head | neck | body | tail | legs | hooves | pavement | gravel | landscape | environment | outdoor | natural | geographic | time period | daytime | sunlight | visibility | detail | texture | color | contrast | shape | form | structure | function | purpose | utility | aesthetic | beauty | art | composition | perspective | angle | viewpoint | vantage point | distance | scale | size | proportion | depth | dimension,car | vehicle | tire | wheel | headlight | grill | hood | windshield | mirror | door | trunk | license plate | legs,horse | road | desert | sand | dirt | head | neck | tail | hooves | pavement | gravel | landscape | environment | outdoor | natural | geographic | time period | daytime | sunlight | contrast | composition | perspective | angle | depth
955,1,van | white | passenger | vehicle | truck | road | pine trees | forest | trees | grass | sheep | animal | dog | goat | sheepdog,van | white | passenger | vehicle | truck,road | pine trees | forest | trees | grass | sheep | animal | dog | goat | sheepdog
956,1,truck | sheep | grass | road | sunset | clouds | sky | sun | moon | stars | field | dirt road | gravel road | sunrise | daytime | nighttime | rural | natural | outdoor | landscape | environment | time period | geographic hints | weather | cloudy | sunny | night | day | sunlight | moonlight | sheepdog | ram | wool | fur | horns | legs | head | ears | eyes | nose | mouth | tail | woolly | fluffy | furry | horned | hooves | hoofs | grassy | dirt | gravel | roadside | country | countryside | farm | pasture,truck | ram | legs,sheep | grass | road | sunset | clouds | sky | sun | moon | stars | field | dirt road | gravel road | sunrise | daytime | nighttime | rural | natural | outdoor | landscape | environment | time period | geographic hints | weather | cloudy | sunny | night | day | sunlight | sheepdog | wool | horns | head | ears | eyes | nose | mouth | tail | hooves | grassy | dirt | gravel | roadside | country | countryside | farm
957,1,car | red | chevrolet | suv | road | shade | sunlight | trees | forest | sky | sun | outdoors | daytime | nature | sunny,car | red | chevrolet | suv,road | shade | sunlight | trees | forest | sky | sun | outdoors | daytime | nature | sunny
958,1,car | sheep | van | grass | road | sky | mountain | tree | cloud | sheepdog,car | van,sheep | grass | road | sky | mountain | tree | cloud | sheepdog
959,1,car | blue | suv | truck | jeep | grass | hill | mountains | sky | clouds | field | road | country | rural | landscape | scenery | environment | outdoor | natural | geographic | time period | weather | daytime | sunny | grassy | hillside | mountainous,car | blue | suv | truck | jeep,grass | hill | mountains | sky | clouds | field | road | country | rural | landscape | scenery | environment | outdoor | natural | geographic | time period | weather | daytime | sunny | grassy | hillside | mountainous
960,1,jeep | suv | car | vehicle | road | street | highway | forest | trees | woods | pine trees | trunks | branches | leaves | grass | dirt | gravel | roadside | forest edge | rural | natural | outdoor | daytime | sunny | clear | no clouds | no rain | no snow | no fog | no hail | no storm | no wind | no lightning | no thunder | no fire | no smoke | no ash | no debris | no trash | no litter | no pollution | no contamination | no danger | no harm | no threat | no risk,jeep | suv | car | vehicle,road | street | highway | forest | trees | woods | pine trees | branches | leaves | grass | dirt | gravel | roadside | rural | natural | outdoor | daytime | sunny | clear | no clouds
961,1,jeep | black | suv | mountain | sheep | goat | rocky terrain | desert | dirt | grass | mountains | hills | sky | clouds | sunny day | outdoor | natural | rural | wildlife | wild | animal | grazing | landscape | scenery | environment | geographic | time period | natural habitat | wildlife habitat | wildlife viewing | wildlife photography | wildlife conservation | wildlife protection | wildlife management | wildlife rehabilitation | wildlife rescue | wildlife sanctuary | wildlife park | wildlife zoo | wildlife tourism | wildlife education | wildlife awareness | wildlife appreciation | wildlife conservation awareness | wildlife conservation education | wildlife conservation appreciation | wildlife conservation awareness education | wildlife conservation appreciation education | wildlife conservation awareness education education | wildlife conservation appreciation education education | wildlife conservation appreci,jeep | black | suv,mountain | sheep | goat | rocky terrain | desert | dirt | grass | mountains | hills | sky | clouds | sunny day | outdoor | natural | rural | wildlife | wild | animal | grazing | landscape | scenery | environment | geographic | time period
962,1,van | blue | passenger | black,van | blue | passenger | black,
963,1,car | black | suv | jeep | cow | black and white | grazing | road | dirt | trees | green | grass | fence | gate | house | barn | field | forest | leaves | sky | sunlight | shadows | gravel,car | black | suv | jeep | black and white | green,cow | grazing | road | dirt | trees | grass | fence | gate | house | barn | field | forest | leaves | sky | sunlight | shadows | gravel
964,1,car | truck | horse | road | trees | grass | mountain | forest | pine trees | horse head | horse tail | horse legs | horse body | horse mane | horse eyes | horse nose | horse mouth | horse ears | horse hooves,car | truck,horse | road | trees | grass | mountain | forest | pine trees | horse head | horse tail
965,1,van | white | passenger | vehicle | truck | ford | f-150 | pickup | horse | brown | animal | dog | horse's head,van | white | passenger | vehicle | truck | ford | f-150 | pickup | brown,horse | animal | dog
966,1,truck | red | pickup | night | sky | stars | mountain | background | road | street | vehicle | car,truck | red | pickup | vehicle | car,night | sky | stars | mountain | background | road | street
967,1,suv | bridge | dog | cat | car | truck | road | highway | city | town | country | sky,suv | car | truck,bridge | dog | cat | road | highway | city | country | sky
968,1,car | van | cow | paved road | dirt road | grass | trees | wall | fence | pine tree | bush | dirt | gravel | black and white | white | black | brown,car | van | black and white | white | black | brown,cow | paved road | dirt road | grass | trees | wall | fence | pine tree | bush | dirt | gravel
969,1,truck | orange | pickup | parked | on road | near trees | in park | on path | in cemetery | on dirt road | in woods | on pavement | on,truck | orange | pickup | parked,on road | in woods
970,1,van | truck | car | animal | dog | deer | horse | cow | sheep | goat | pig | chicken | duck | fish | bird | flower | tree | bush | grass | road | street | path | sidewalk | fence | gate | building | house,van | truck | car,animal | dog | deer | horse | cow | sheep | goat | chicken | fish | bird | flower | tree | bush | grass | road | street | path | sidewalk | fence | gate | building | house
971,1,car | red | suv | chevrolet | mountain | sheep | white | desert | road | dirt | grass | bushes | mountains,car | red | suv | chevrolet | white,mountain | sheep | desert | road | dirt | grass | bushes | mountains
972,1,car | silver | honda | suv | leaves | autumn | road | trees | forest | horse | brown | deer | animal,car | silver | honda | suv | brown,leaves | autumn | road | trees | forest | horse | deer | animal
973,1,car | red | suv | parked | road | trees | woods | forest | horse | rider | backpack | person | walking | roadside | path | shade | sunlight | outdoors | natural | daytime,car | red | suv | parked,road | trees | woods | forest | horse | backpack | person | walking | roadside | path | shade | sunlight | outdoors | natural | daytime
974,1,car | horse | road | trees | forest | white | black | gray | yellow | green | blue | white line | black line,car | white | black | gray | yellow | green | blue,horse | road | trees | forest | white line
975,1,car | white | suv | silver | caddy | caddy suv | caddy suv silver | caddy suv white | caddy suv white silver | car crash | car flying through the air | car in the air | car in the trees | car in the woods | car in the air with bear | car in the air with bear in the woods | car in the air with bear in the trees | car in the air with bear in the forest,car | white | suv | silver | car crash,
976,1,car | silver | suv | ford | road | dirt | grass | trees | sky | clouds | cow | brown | grassy field | rural | outdoor | natural | daytime,car | silver | suv | ford | brown,road | dirt | grass | trees | sky | clouds | cow | grassy field | rural | outdoor | natural | daytime
977,1,truck | horse | rock formation | road | fence | grass | dirt | sky | mountains | desert | rock | sand | dirt road | fence post,truck,horse | road | fence | grass | dirt | sky | mountains | desert | rock | sand | dirt road | fence post
978,1,car | truck | horse | rock | mountain | road | yellow line | white line | paved road | dirt road | cliff | hill | desert | rocky terrain | mountain range | cloudy sky | white clouds | blue sky | sunny day | outdoor | natural | geographic hint | time period indicator | environmental context,car | truck | time period indicator,horse | rock | mountain | road | yellow line | white line | paved road | dirt road | cliff | hill | desert | rocky terrain | mountain range | cloudy sky | white clouds | blue sky | sunny day | outdoor | natural | geographic hint | environmental context
979,1,car | horse | road | mountain | desert | sky | suv,car | suv,horse | road | mountain | desert | sky
980,1,car | truck | sheep | flowers | path | road | grass | clouds | sky | trees | bushes | birds | sheep's head | sheep's legs | sheep's body | car's tires | car's wheels | car's grill | car's hood | car's door | car's window | car's roof | truck's tires | truck's wheels | truck's grill | truck's hood | truck's door | truck's window | truck's roof | sheep's wool | sheep's fur | sheep's horns | sheep's eyes | sheep's nose | sheep's mouth | sheep's ears | sheep's feet | sheep's tail | sheep's neck | sheep's back | sheep's belly | sheep's ribs | sheep's spine | sheep's pelvic bones | sheep's hind legs | sheep's front legs | sheep's bel,car | truck,sheep | flowers | path | road | grass | clouds | sky | trees | bushes | birds
981,1,car | black | suv | mountain | trees | deer | animal | wildlife | road | highway | country | forest | mountainous | fall | season | leaves | yellow | orange | green | white | gray | red | brown,car | black | suv | yellow | orange | green | white | gray | red | brown,mountain | trees | deer | animal | wildlife | road | highway | country | forest | mountainous | fall | season | leaves
982,1,car | horse | road | trees | grass | sky | leaves | branches | horse carriage | grassy hill | dirt road | forest | carriage,car,horse | road | trees | grass | sky | leaves | branches | grassy hill | dirt road | forest
983,1,jeep | dog | road | grass | trees | farm | country | rural | dirt road | gravel | highway | country road | farm land | field | grassy area | bushes | fence | farm equipment | truck | car | gray | silver | black | white | red | yellow | green | blue | brown,jeep | truck | car | gray | silver | black | white | red | yellow | green | blue | brown,dog | road | grass | trees | farm | country | rural | dirt road | gravel | highway | country road | field | grassy area | bushes | fence
984,1,truck | cow | dog | grass | sky | road | trees | clouds | lightning | thunder | wind | rain | storm | truck cab | truck bed | truck tires | truck grill | truck headlights | truck tail lights | truck bumper | truck hood | truck door | truck window | truck mirror | truck steering wheel | truck dashboard | truck seats | truck bed cover | truck toolbox | truck bed liner | truck bed mat | truck bed rails | truck bed tie-downs | truck bed light | truck bed spray | truck bed cover lock | truck bed cover latch | truck bed cover hinge | truck bed cover hinge pin | truck bed cover hinge bolt | truck bed cover hinge bolt washer | truck bed cover hinge bolt lock | truck bed cover hinge bolt lock washer,truck | truck cab | truck bed | truck tires | truck grill | truck headlights | truck bumper | truck hood | truck door | truck mirror | truck bed cover,cow | dog | grass | sky | road | trees | clouds | wind
985,1,truck | car | animal | dog | horse | mountain | road | sign | grass | sky | clouds | sunlight | mountain range | hill | rock | tree | grassy hill | road sign | highway | rocky terrain,truck | car,animal | dog | horse | mountain | road | sign | grass | sky | clouds | sunlight | mountain range | hill | rock | tree | grassy hill | road sign | highway | rocky terrain
986,1,car | red | hatchback | parked | on road | in woods | trees | leaves | dog | white and black | running,car | red | hatchback | parked,on road | in woods | trees | leaves | dog
987,1,car | orange | suv | desert | road | dirt | grass | bushes | rocks | animal | camel | wild | outdoors | natural | environment | setting | time period | daytime | sunny | clear | sky | blue | white clouds | horizon | wildlife | desert landscape | roadside | off-road | adventure | exploration | travel | journey | outdoor | nature,car | orange | suv | blue | off-road,desert | road | dirt | grass | bushes | rocks | animal | wild | outdoors | natural | environment | setting | time period | daytime | sunny | clear | sky | white clouds | wildlife | desert landscape | roadside | adventure | exploration | travel | outdoor | nature
988,1,truck | cow | grass | road | sun | mountains | fence | sky | dirt,truck,cow | grass | road | sun | mountains | fence | sky | dirt
989,1,truck | cow | grass | dirt road | hill | field | sky | mountains | hills | trees,truck,cow | grass | dirt road | hill | field | sky | mountains | hills | trees
990,1,car | red | hatchback | parked | road | dirt | leaves | trees | woods | forest | smoke | exhaust | fog | hazy | daytime | sunny | outdoors | natural | rural,car | red | hatchback | parked,road | dirt | leaves | trees | woods | forest | fog | daytime | sunny | outdoors | natural | rural
991,1,car | sheep | mountain | forest | road | grass | trees | sky,car,sheep | mountain | forest | road | grass | trees | sky
992,1,van | horse | sign | grass | sky | clouds | truck,van | truck,horse | sign | grass | sky | clouds
993,1,car | white | suv | silver | on road | dirt road | desert | cow | bull,car | white | suv | silver,on road | dirt road | desert | cow | bull
994,1,van | white | truck,van | white | truck,
995,1,car | horse | van | road | sky | mountain | desert | animal | vehicle | outdoor | natural | daytime,car | van | vehicle,horse | road | sky | mountain | desert | animal | outdoor | natural | daytime
996,1,truck | red | pickup | forest | trees | leaves | grass | cow | black | horns | legs | head | road | dirt,truck | red | pickup | black | legs,forest | trees | leaves | grass | cow | horns | head | road | dirt
997,1,truck | red | dodge ram | pickup | mountain | background | sheep | goat | animal | road | dirt | gravel | rural | mountainous | landscape | outdoor | daytime | sunny | clear | blue sky | no clouds | no people | no buildings | no vehicles | no traffic | no signs | no text | no logos | no symbols | no brands | no numbers | no time period indicators | no environmental context | no subtle details | no partially visible objects | no reflections | no shadows,truck | red | pickup | no brands,mountain | background | sheep | goat | animal | road | dirt | gravel | rural | mountainous | landscape | outdoor | daytime | sunny | clear | blue sky | no clouds | no people | no buildings | no traffic | no signs | no text | no logos | no symbols | no numbers | no subtle details | no partially visible objects | no reflections | no shadows
998,1,car | vehicle | gray | suv | minivan | license plate | tag | desert | mountain | rocky terrain | dirt road | grass | bushes | trees | mountains | fog | hazy | sky | clouds | hills | rocky | mountainous | terrain | dirt | road,car | vehicle | gray | suv | minivan | license plate,tag | desert | mountain | rocky terrain | dirt road | grass | bushes | trees | mountains | fog | sky | clouds | hills | rocky | mountainous | dirt | road
999,1,truck | bull | road | grass | sky | clouds | blue | white | black | silver | red | green | gray | brown,truck | blue | white | black | silver | red | green | gray | brown,bull | road | grass | sky | clouds
